Waiting for the canonical repository lock without busy waiting.
Canonical repository lock acquired; invoking the worktree wrapper.
Current branch: HEAD
Using cache from origin: (some leanprover-community/mathlib4)
No files to download
Already decompressed 8943 file(s)
✔ [3588/3634] Built TNLean.Algebra.BlockingSignParity (41s)
✔ [3623/3673] Built TNLean.Algebra.BinaryCharacterSum (42s)
✔ [3629/3682] Built TNLean.Algebra.CommonBufferLength (36s)
✔ [3936/3988] Built TNLean.Algebra.CompactGapBounds (39s)
✔ [3937/3988] Built QICLean.Analysis.IdempotentEndomorphism (40s)
✔ [3938/3988] Built QICLean.Algebra.PiProductTrace (40s)
✔ [3939/3991] Built TNLean.Algebra.CommonFixedSubmodule (41s)
✔ [3942/3991] Built TNLean.Algebra.BlockDiagonalGauge (48s)
✔ [3946/4003] Built TNLean.Algebra.AnticommutingEvenDimension (48s)
✔ [3947/4003] Built QICLean.Kraus.Word (48s)
✔ [3948/4003] Built QICLean.Algebra.DependentBlockDiagonal (44s)
✔ [3950/4003] Built QICLean.Algebra.BlockPermutation (42s)
✔ [3951/4003] Built QICLean.Algebra.SkolemNoether (46s)
✔ [3952/4003] Built TNLean.Algebra.ProjectiveRepresentation (45s)
✔ [3953/4003] Built QICLean.Algebra.ComplexPhasePositivity (47s)
✔ [3954/4003] Built TNLean.Algebra.ConjClassesConjugation (8.9s)
✔ [3955/4003] Built TNLean.Algebra.CommonKernelGapInterpolation (48s)
✔ [3956/4003] Built QICLean.Algebra.StarSubalgebraSemisimple (50s)
✔ [3957/4003] Built TNLean.Algebra.CStarSqrtHolder (51s)
✔ [3958/4003] Built TNLean.Algebra.ComplexOfRing (12s)
✔ [3959/4033] Built TNLean.Algebra.ComplexSqrt (12s)
✔ [3967/4033] Built TNLean.Algebra.SymmetryParity (11s)
✔ [3968/4033] Built TNLean.Algebra.OrthogonalKernelGap (14s)
✔ [3969/4033] Built TNLean.Algebra.MonomialMatrix (13s)
✔ [3970/4033] Built TNLean.Algebra.CharacterProjector (54s)
✔ [3971/4033] Built QICLean.Algebra.MatrixGramUnitary (53s)
✔ [3972/4033] Built QICLean.Kraus.MultiBlockWord (14s)
✔ [3974/4033] Built QICLean.Algebra.NewtonGirard (17s)
✔ [3975/4033] Built TNLean.Algebra.MatrixFixedSection (18s)
✔ [3976/4033] Built TNLean.Algebra.IdempotentRankContinuity (19s)
✔ [3977/4033] Built TNLean.Algebra.NewtonIdempotentConvergence (17s)
✔ [3978/4033] Built QICLean.Analysis.ProjectionGeometry (22s)
✔ [3979/4033] Built TNLean.Algebra.MatrixGramLeftInverse (20s)
✔ [3980/4033] Built TNLean.Algebra.KernelGapPerturbation (23s)
✔ [3983/4033] Built TNLean.Algebra.CyclicMomentRigidity (15s)
✔ [3984/4033] Built QICLean.Algebra.ScalarCommutant (18s)
✔ [3985/4033] Built TNLean.Algebra.FinCyclicInduction (12s)
✔ [3986/4033] Built TNLean.Algebra.DirectedWalkCoboundary (16s)
✔ [3988/4033] Built TNLean.Algebra.ComplexOfInt (17s)
✔ [3989/4033] Built TNLean.Algebra.EventuallyConstantCycleWeights (15s)
✔ [3990/4033] Built TNLean.Algebra.ScalarThreeCocycle (19s)
✔ [3991/4033] Built TNLean.Algebra.FinStepOrbit (11s)
✔ [3993/4033] Built TNLean.Algebra.FinSumPermutation (11s)
✔ [3994/4033] Built TNLean.Algebra.CocycleCohomology (23s)
✔ [3996/4033] Built TNLean.Algebra.FinVecEta (10s)
✔ [3999/4035] Built TNLean.Algebra.FinTupleEquiv (10s)
✔ [4000/4039] Built TNLean.Algebra.ExpectationOverlap (20s)
✔ [4001/4056] Built TNLean.Algebra.CommonKernelSpectralGap (25s)
✔ [4005/4056] Built TNLean.Algebra.FinOrderedProduct (17s)
✔ [4006/4056] Built TNLean.Algebra.MatrixSingleSpan (11s)
✔ [4007/4056] Built TNLean.Algebra.ExponentialSumWindow (21s)
✔ [4008/4056] Built TNLean.Algebra.CStarSqrtLipschitz (27s)
✔ [4009/4056] Built TNLean.Algebra.FiniteCycleCoboundary (14s)
✔ [4010/4058] Built TNLean.Algebra.BlockTriangularWord (13s)
✔ [4012/4058] Built QICLean.Algebra.TracePowerCharPoly (13s)
✔ [4015/4060] Built QICLean.Algebra.SkolemNoetherUnitary (19s)
✔ [4016/4072] Built TNLean.Algebra.CommutingProjectionProduct (17s)
✔ [4018/4072] Built TNLean.Algebra.ContinuousNearbyIdempotent (17s)
✔ [4022/4072] Built TNLean.Algebra.ContinuousIdempotentFrames (18s)
✔ [4023/4072] Built TNLean.Algebra.ConjugateProjectiveRepresentation (21s)
✔ [4024/4072] Built TNLean.Algebra.CharacterProjectorWeighted (20s)
✔ [4026/4072] Built TNLean.Algebra.FiniteIndicatorSum (12s)
✔ [4027/4075] Built TNLean.Algebra.FinsetEnumeration (12s)
✔ [4028/4076] Built TNLean.Algebra.FinsetSubtypeSum (12s)
✔ [4032/4081] Built TNLean.Algebra.LSymbol (16s)
✔ [4034/4083] Built TNLean.Algebra.FinsetNormSumCauchySchwarz (14s)
✔ [4037/4085] Built TNLean.Algebra.FixedPointFreeInvolutionSign (12s)
✔ [4040/4086] Built TNLean.Algebra.CocycleRestriction (18s)
✔ [4041/4089] Built TNLean.Algebra.GeneralizeDecide (6.1s)
✔ [4042/4091] Built QICLean.Algebra.StarSubalgebraSpatial (19s)
✔ [4043/4091] Built TNLean.Algebra.CompactKernelGap (24s)
✔ [4044/4091] Built TNLean.Algebra.CycleLaplacianFourier (23s)
✔ [4045/4094] Built TNLean.Algebra.SignedPermutationSpan (15s)
✔ [4046/4095] Built TNLean.Algebra.UnitaryFactorizationComparison (15s)
✔ [4047/4095] Built TNLean.Algebra.NormedRingTelescoping (15s)
✔ [4049/4096] Built TNLean.Algebra.FlagBlockTriangular (24s)
✔ [4051/4106] Built TNLean.Algebra.FiniteGroupUnitaryAverage (21s)
✔ [4054/4107] Built QICLean.Algebra.StarSubalgebraFactor (32s)
✔ [4055/4143] Built TNLean.Algebra.ConjugateRegularRepresentation (18s)
✔ [4060/4143] Built QICLean.Algebra.ShiftedTracePowerSpectrum (21s)
✔ [4061/4155] Built TNLean.Algebra.HypercubePhasePotential (13s)
✔ [4063/4155] Built QICLean.Channel.TensorMap (15s)
✔ [4064/4155] Built QICLean.Algebra.MatrixTracePairing (17s)
✔ [4065/4155] Built TNLean.Algebra.FlatDensityEntropy (20s)
✔ [4066/4155] Built TNLean.Algebra.GeneralizedCocycle (19s)
✔ [4067/4155] Built TNLean.Algebra.CommutingStarSubalgebraProduct (23s)
✔ [4068/4155] Built TNLean.Algebra.RepresentationDelta (24s)
✔ [4069/4155] Built QICLean.Algebra.MatrixSpectralDecomp (21s)
✔ [4070/4155] Built QICLean.Algebra.MatrixOperatorSpace (21s)
✔ [4071/4155] Built QICLean.Algebra.CornerCompression (24s)
✔ [4072/4155] Built QICLean.Algebra.StarSubalgebraIrreducibleDecomp (17s)
✔ [4073/4155] Built TNLean.Algebra.GaussRepresentation (14s)
✔ [4074/4155] Built QICLean.Channel.Schwarz.Basic (19s)
✔ [4075/4155] Built QICLean.Channel.KrausRepresentation (19s)
✔ [4076/4155] Built TNLean.Algebra.StabilizerTransition (11s)
✔ [4077/4155] Built QICLean.Analysis.OperatorNormConvergence (16s)
✔ [4078/4155] Built QICLean.Analysis.MeanErgodic (17s)
✔ [4079/4155] Built QICLean.Analysis.NeumannInverse (15s)
✔ [4080/4155] Built TNLean.Algebra.CentralStarSubalgebraMatrix (19s)
✔ [4081/4155] Built TNLean.Algebra.ScalarThreeCocycleCyclicInvariant (15s)
✔ [4082/4155] Built TNLean.Algebra.ListOfFn (12s)
✔ [4083/4155] Built TNLean.Algebra.IsometricProjection (18s)
✔ [4084/4166] Built TNLean.Algebra.IsometryUnitaryExtension (18s)
✔ [4085/4166] Built TNLean.Algebra.ScalarThreeCocycleCyclicExamples (17s)
✔ [4086/4166] Built QICLean.Kraus.WordSpan (15s)
✔ [4087/4166] Built TNLean.Algebra.ScalarThreeCocycleGroupCohomology (19s)
✔ [4088/4166] Built TNLean.Algebra.MatrixCoordinateInclusion (13s)
✔ [4089/4166] Built TNLean.Algebra.LSymbolBlockIndependence (16s)
✔ [4090/4166] Built TNLean.Algebra.MatrixBilinearCoordinates (15s)
✔ [4091/4166] Built TNLean.Algebra.MatrixCyclicPathSum (13s)
✔ [4092/4166] Built QICLean.Algebra.ShiftedZeroTraceNilpotent (21s)
✔ [4093/4166] Built TNLean.Algebra.MatrixProjectionReindex (13s)
✔ [4094/4166] Built TNLean.Algebra.MatrixIdempotentFactorization (15s)
✔ [4095/4166] Built TNLean.Algebra.MatrixEntryNorm (19s)
✔ [4096/4166] Built TNLean.Algebra.MatrixScalarIdentity (18s)
✔ [4097/4166] Built TNLean.Algebra.IsometricFrameEmbedding (17s)
✔ [4098/4166] Built TNLean.Algebra.GeneralizedCocycleInversion (16s)
✔ [4099/4166] Built TNLean.Algebra.IdempotentTracePerturbation (40s)
✔ [4100/4166] Built QICLean.Channel.MaximallyEntangled (18s)
✔ [4101/4166] Built TNLean.Algebra.FlatDensityRenyiEntropy (19s)
✔ [4102/4166] Built QICLean.Channel.Schwarz.PositiveMapProperties (20s)
✔ [4103/4167] Built QICLean.Channel.PSDConeAutomorphism.FaceDimension (20s)
✔ [4104/4167] Built TNLean.Algebra.MonoidHomCommutingWeight (5.6s)
✔ [4105/4167] Built QICLean.Algebra.StarSubalgebraSchur (19s)
✔ [4106/4167] Built QICLean.Channel.Schwarz.KadisonSchwarz (18s)
✔ [4107/4167] Built QICLean.Algebra.StarSubalgebraSimpleModule (20s)
✔ [4108/4167] Built TNLean.Algebra.GaussProjector (20s)
✔ [4109/4167] Built QICLean.Channel.Stinespring (19s)
✔ [4110/4167] Built TNLean.Algebra.NatInterval (6.4s)
✔ [4111/4167] Built TNLean.Algebra.CharacterProjectorTwirl (25s)
✔ [4113/4167] Built TNLean.Algebra.StabilizerCocycleLSymbol (17s)
✔ [4114/4167] Built QICLean.Channel.Semigroup.Basic (26s)
✔ [4115/4172] Built TNLean.Algebra.LSymbolDomainWall (16s)
✔ [4260/4327] Built TNLean.Algebra.MatrixTensorPower (14s)
✔ [4400/4472] Built TNLean.Algebra.MonomialFixedSubspace (14s)
✔ [4531/4610] Built TNLean.Algebra.MonomialGaussOperator (14s)
✔ [4707/4778] Built TNLean.Algebra.NatSquarePlusOne (12s)
✔ [4758/4815] Built QICLean.Channel.KrausCPTP (26s)
✔ [4883/4951] Built QICLean.Algebra.RectangularChoi (21s)
✔ [5678/5747] Built TNLean.Algebra.NegMulLog (17s)
✔ [6051/6137] Built QICLean.Analysis.InjectiveRangeProjector (31s)
✔ [6377/6440] Built TNLean.Algebra.KleinCocycleTable (20s)
✔ [6570/6641] Built TNLean.Algebra.MatrixUnitFactorization (20s)
✔ [6912/6991] Built TNLean.Algebra.IsNilpotentOfTracePow (22s)
✔ [6969/7034] Built TNLean.Algebra.ConstantTracePowers (22s)
✔ [7203/7274] Built TNLean.Algebra.PositiveGeneralizedCocycle (22s)
✔ [8455/8526] Built QICLean.Channel.Schwarz.AbstractMultiplicativeDomain (24s)
✔ [8521/8585] Built QICLean.Algebra.StarSubalgebraIsotypic (24s)
✔ [8568/8648] Built QICLean.Channel.ChoiRectangular (25s)
✔ [8642/8721] Built TNLean.Algebra.IsingCrossingCoefficients (68s)
✔ [9020/9084] Built QICLean.Channel.KrausFreedom (24s)
✔ [9131/9187] Built QICLean.Channel.LocalizedKrausCPTP (19s)
✔ [9132/9187] Built QICLean.Algebra.OperatorNormFrobenius (18s)
✔ [9133/9187] Built TNLean.Algebra.StabilizerCocycleReconstruction (27s)
✔ [9134/9187] Built TNLean.Algebra.InjectiveRangeProjectorContinuity (15s)
✔ [9135/9187] Built TNLean.Algebra.KleinCocycleCompleteness (17s)
✔ [9136/9187] Built TNLean.Algebra.PiSigmaEquiv (8.7s)
✔ [9137/9187] Built TNLean.Algebra.CircleCohomology (16s)
✔ [9139/9187] Built TNLean.Algebra.OneMagnon (12s)
✔ [9140/9187] Built TNLean.Algebra.PiMulSingleInduction (11s)
✔ [9141/9210] Built TNLean.Algebra.OperatorSchmidt (13s)
✔ [9142/9220] Built TNLean.Algebra.PiMatrixRepresentation (17s)
✔ [9143/9230] Built TNLean.Algebra.OrthogonalSymplecticKroneckerDeterminant (18s)
✔ [9144/9230] Built QICLean.Algebra.StarSubalgebraIsotypicDecomp (20s)
✔ [9145/9230] Built TNLean.Algebra.PiTensorProductPhase (15s)
✔ [9146/9230] Built TNLean.Algebra.PositivePowerSumMoments (13s)
✔ [9147/9230] Built TNLean.Algebra.PermutationMatrixUnitary (18s)
✔ [9148/9230] Built QICLean.Channel.FixedPoint.AbstractAlgebra (21s)
✔ [9149/9230] Built TNLean.Algebra.PermutationMatrixCommutation (19s)
✔ [9150/9230] Built QICLean.Algebra.StarSubalgebraIntertwinerIsometry (21s)
✔ [9151/9230] Built TNLean.Algebra.OrthogonalResolution (19s)
✔ [9152/9230] Built QICLean.Channel.ChoiJamiolkowski (22s)
✔ [9153/9230] Built TNLean.Algebra.PrimitiveMatrixIdealDimension (12s)
✔ [9154/9230] Built QICLean.Channel.KrausRank (22s)
✔ [9155/9230] Built TNLean.Algebra.UnitaryMulVecInner (10s)
✔ [9156/9230] Built TNLean.Algebra.ProjectiveCommutantEigenspace (11s)
✔ [9157/9230] Built QICLean.Channel.WolfProps (23s)
✔ [9158/9230] Built TNLean.Algebra.LSymbolFreeAction (9.5s)
✔ [9159/9230] Built TNLean.Algebra.RankOneFactorization (6.1s)
✔ [9160/9230] Built TNLean.Algebra.MatrixSylvesterBound (12s)
✔ [9161/9262] Built QICLean.Analysis.SchattenNorm (9.8s)
✔ [9162/9262] Built TNLean.Algebra.RestrictedScalarGauge (8.9s)
✔ [9163/9262] Built TNLean.Algebra.ScalarThreeCocycleInversion (8.8s)
✔ [9164/9262] Built TNLean.Algebra.ScalarThreeCocycleCyclicDomainWall (10s)
✔ [9165/9262] Built TNLean.Algebra.RepresentationDeltaInverse (11s)
✔ [9166/9262] Built TNLean.Algebra.ScalarThreeCocycleTimeReversal (10s)
✔ [9167/9276] Built TNLean.Algebra.RepresentationTheta (12s)
⚠ [9168/9276] Built TNLean.Algebra.SingletMatrix (9.1s)
warning: TNLean/Algebra/SingletMatrix.lean:6:0: 'Mathlib.Data.Complex.Basic' has been deprecated: please replace this import by

import Mathlib.Basic.Complex.Basic
✔ [9169/9276] Built TNLean.Algebra.RepresentationTensorProduct (12s)
✔ [9170/9276] Built TNLean.Algebra.Subquotient (7.7s)
✔ [9171/9276] Built TNLean.Algebra.StackedIsometryCard (9.5s)
✔ [9172/9276] Built TNLean.Algebra.SemiRegularDimension (12s)
✔ [9173/9276] Built TNLean.Algebra.SemiRegularEquiv (12s)
✔ [9174/9276] Built TNLean.Algebra.SemisimpleTracePowers (12s)
✔ [9175/9276] Built TNLean.Algebra.StabilizerCocycleExtension (10s)
✔ [9176/9276] Built TNLean.Algebra.SemiRegularGroupAlgebra (13s)
✔ [9177/9276] Built TNLean.Algebra.OrderedIdempotentTracePerturbation (34s)
✔ [9178/9276] Built TNLean.Algebra.SupportedIsometricCompression (10s)
✔ [9179/9276] Built TNLean.Algebra.StarClosedSemisimple (12s)
✔ [9180/9276] Built TNLean.Algebra.SwapMatrix (7.9s)
✔ [9181/9276] Built QICLean.Algebra.SwapTrace (8.4s)
✔ [9182/9276] Built TNLean.Algebra.TailPowerSumUniqueness (6.7s)
✔ [9183/9276] Built TNLean.Algebra.TraceInvariantSubmodule (7.2s)
✔ [9185/9276] Built TNLean.Algebra.RegularRepresentationBlocking (11s)
✔ [9186/9276] Built TNLean.Algebra.TwistedRegularRepresentation (13s)
✔ [9187/9276] Built QICLean.Algebra.StarSubalgebraUnitaryIntertwiner (13s)
✔ [9188/9276] Built QICLean.Algebra.MatrixIsometryKronecker (11s)
✔ [9189/9277] Built TNLean.Algebra.UnitaryEntrywiseConjugation (12s)
⚠ [9190/9277] Built TNLean.Algebra.SymplecticOrthogonalFour (18s)
warning: TNLean/Algebra/SymplecticOrthogonalFour.lean:6:0: 'Mathlib.Data.Complex.Basic' has been deprecated: please replace this import by

import Mathlib.Basic.Complex.Basic
✔ [9191/9277] Built TNLean.Algebra.ZModSmallDifference (10s)
✔ [9192/9277] Built TNLean.Algebra.UnitaryContraction (12s)
✔ [9194/9277] Built TNLean.Algebra.KrausSpanRank (15s)
✔ [9195/9277] Built TNLean.Algebra.KleinCocyclePhase (15s)
✔ [9196/9277] Built TNLean.Algebra.UnitaryVectorSwap (12s)
✔ [9197/9283] Built TNLean.Algebra.UnitaryGeneralLinearInverse (13s)
✔ [9198/9304] Built QICLean.Channel.Semigroup.CPClosure (16s)
✔ [9200/9304] Built TNLean.Algebra.ScalarThreeCocycleCyclicTwo (11s)
✔ [9201/9304] Built QICLean.Channel.Schwarz.TwoPositive (16s)
✔ [9202/9334] Built TNLean.Algebra.UnitaryCompletionClass (15s)
✔ [9203/9334] Built TNLean.Algebra.WordAlgebra (13s)
✔ [9204/9334] Built TNLean.Algebra.UnitaryCongruence (16s)
✔ [9205/9334] Built QICLean.Analysis.TraceNormAbs (15s)
✔ [9206/9334] Built TNLean.Algebra.ScalarThreeCocycleCyclicClass (10s)
✔ [9207/9334] Built TNLean.Algebra.RepresentationDeltaPositive (11s)
✔ [9208/9334] Built QICLean.Channel.SupportCompletion (11s)
✔ [9209/9334] Built TNLean.Algebra.RepresentationThetaSquared (11s)
✔ [9210/9334] Built TNLean.Algebra.UnimodularPowerSum (11s)
✔ [9211/9334] Built TNLean.Algebra.SwapKronecker (12s)
✔ [9212/9334] Built TNLean.Algebra.SemiRegularTensorFactor (16s)
✔ [9213/9334] Built TNLean.Algebra.TwistedRegularProjective (16s)
✔ [9214/9334] Built TNLean.Algebra.UnitaryKronecker (16s)
ℹ [9215/9334] Built Gametheory.Scarf (51s)
info: Gametheory/Scarf.lean:241:33: Try this:
  [apply] rwa [h1.2] at hd

Note: This linter can be disabled with `set_option linter.tacticAnalysis.rwaSuggestion false`
info: Gametheory/Scarf.lean:246:33: Try this:
  [apply] rwa [h1.2] at hd

Note: This linter can be disabled with `set_option linter.tacticAnalysis.rwaSuggestion false`
✔ [9216/9334] Built QICLean.Channel.EnvironmentEmbedding (17s)
✔ [9217/9344] Built TNLean.Circuit.Gates.TwoLevel (15s)
✔ [9218/9347] Built TNLean.Circuit.PairProduct (17s)
✔ [9219/9347] Built QICLean.Channel.DeferredEnvironmentTrace (17s)
✔ [9220/9348] Built QICLean.Algebra.StarSubalgebraIsotypicFactorization (19s)
✔ [9221/9348] Built TNLean.Algebra.ScalarThreeCocycleCyclicTwoExamples (16s)
✔ [9222/9348] Built TNLean.Circuit.Channel.RegisterChannelLift (18s)
✔ [9223/9348] Built TNLean.Circuit.Channel.Layer (19s)
✔ [9224/9348] Built QICLean.Channel.FixedPoint.MeanErgodicProjection (18s)
✔ [9225/9348] Built QICLean.Channel.KrausRectangular (20s)
✔ [9226/9348] Built QICLean.Analysis.MatrixFramePerturbation (13s)
✔ [9227/9348] Built TNLean.Circuit.ExactAmplificationBudget (10s)
✔ [9229/9351] Built QICLean.Channel.FixedPoint.DirectSumExtension (16s)
✔ [9230/9351] Built QICLean.Channel.PositiveFunctional (13s)
✔ [9231/9351] Built TNLean.Circuit.ExactSubspaceAmplification (10s)
✔ [9232/9351] Built TNLean.Circuit.EmbeddedProduct (13s)
✔ [9233/9351] Built TNLean.Circuit.ExpectationBounds (8.8s)
✔ [9234/9351] Built TNLean.Circuit.PartialIsometryDilation (7.2s)
✔ [9235/9351] Built TNLean.Circuit.GHZState (7.8s)
✔ [9236/9351] Built TNLean.Circuit.RingSeparation (9.5s)
✔ [9237/9353] Built TNLean.Circuit.SupportedMatrixElements (9.4s)
✔ [9238/9353] Built QICLean.Analysis.TraceNormVariational (12s)
✔ [9239/9353] Built QICLean.Analysis.TraceNormContractivity (15s)
✔ [9240/9353] Built TNLean.Algebra.UnitaryConjugationTransposeSign (15s)
✔ [9242/9353] Built TNLean.Algebra.RepresentationThetaPositive (16s)
✔ [9243/9353] Built TNLean.Algebra.UnitaryKroneckerComparison (15s)
✔ [9244/9353] Built TNLean.Circuit.UniformSuccessAttenuation (14s)
✔ [9245/9353] Built TNLean.Algebra.TranslatedCharacterOrthogonality (17s)
✔ [9246/9358] Built TNLean.Algebra.RepresentationOrthogonalSectors (17s)
✔ [9247/9358] Built TNLean.Circuit.Channel.RegisterEncoding (17s)
✔ [9248/9362] Built TNLean.Algebra.UnitaryAdjointKronecker (16s)
✔ [9249/9364] Built TNLean.Circuit.PairProductPowers (16s)
✔ [9250/9364] Built TNLean.Circuit.ArbitrarySiteGateEmbedding (15s)
✔ [9251/9364] Built QICLean.Algebra.MatrixKernelRigidity (14s)
✔ [9252/9376] Built TNLean.Circuit.Composition (17s)
✔ [9254/9376] Built TNLean.Circuit.Channel.PortMatching (16s)
✔ [9255/9376] Built TNLean.Circuit.Gates.Controlled (17s)
✔ [9256/9376] Built QICLean.Algebra.StarSubalgebraBlockDiagonal (17s)
✔ [9257/9376] Built QICLean.Channel.FixedPoint.MeanErgodicAdjoint (13s)
✔ [9258/9376] Built TNLean.Circuit.Channel.Conversion (15s)
✔ [9259/9384] Built QICLean.Channel.StinespringRectangular (11s)
✔ [9260/9384] Built QICLean.Kraus.Tactic.Attr (6.1s)
✔ [9261/9384] Built TNLean.Circuit.CoherentEncoder (11s)
✔ [9262/9384] Built TNLean.Circuit.UniformPostselection (12s)
✔ [9263/9384] Built QICLean.Kraus.Injectivity (14s)
✔ [9264/9384] Built QICLean.Channel.PositiveConditionalExpectation (15s)
✔ [9265/9384] Built TNLean.Circuit.WeightedGHZ (15s)
✔ [9266/9384] Built QICLean.Algebra.GramMatrixLI (16s)
✔ [9267/9386] Built TNLean.MPS.Core.MultiBlockWord (14s)
✔ [9268/9386] Built QICLean.Channel.FixedPoint.StationaryProjection (17s)
✔ [9269/9386] Built QICLean.Channel.Irreducible.Basic (17s)
✔ [9270/9389] Built QICLean.Analysis.TraceNormContractionCoefficient (19s)
✔ [9271/9390] Built TNLean.MPS.Tactic.Basic (3.9s)
✔ [9272/9390] Built TNLean.Circuit.Gates.Permutation (18s)
✔ [9273/9390] Built TNLean.Circuit.ProductStateCircuit (18s)
⚠ [9274/9391] Built Gametheory.Brouwer (37s)
warning: Gametheory/Brouwer.lean:39:34: `stdSimplex` has been deprecated: Use `Convexity.StdSimplex` instead

Note: The updated constant has a different type:
  (R : Type u) → [LE R] → [AddCommMonoid R] → [One R] → Type v → Type (max u v)
instead of
  (𝕜 : Type u_2) → (ι : Type u_1) → [Semiring 𝕜] → [PartialOrder 𝕜] → [Fintype ι] → Set (ι → 𝕜)
warning: Gametheory/Brouwer.lean:49:45: `stdSimplex` has been deprecated: Use `Convexity.StdSimplex` instead

Note: The updated constant has a different type:
  (R : Type u) → [LE R] → [AddCommMonoid R] → [One R] → Type v → Type (max u v)
instead of
  (𝕜 : Type u_2) → (ι : Type u_1) → [Semiring 𝕜] → [PartialOrder 𝕜] → [Fintype ι] → Set (ι → 𝕜)
warning: Gametheory/Brouwer.lean:370:14: `stdSimplex` has been deprecated: Use `Convexity.StdSimplex` instead

Note: The updated constant has a different type:
  (R : Type u) → [LE R] → [AddCommMonoid R] → [One R] → Type v → Type (max u v)
instead of
  (𝕜 : Type u_2) → (ι : Type u_1) → [Semiring 𝕜] → [PartialOrder 𝕜] → [Fintype ι] → Set (ι → 𝕜)
warning: Gametheory/Brouwer.lean:370:37: `stdSimplex` has been deprecated: Use `Convexity.StdSimplex` instead

Note: The updated constant has a different type:
  (R : Type u) → [LE R] → [AddCommMonoid R] → [One R] → Type v → Type (max u v)
instead of
  (𝕜 : Type u_2) → (ι : Type u_1) → [Semiring 𝕜] → [PartialOrder 𝕜] → [Fintype ι] → Set (ι → 𝕜)
warning: Gametheory/Brouwer.lean:374:33: `stdSimplex` has been deprecated: Use `Convexity.StdSimplex` instead

Note: The updated constant has a different type:
  (R : Type u) → [LE R] → [AddCommMonoid R] → [One R] → Type v → Type (max u v)
instead of
  (𝕜 : Type u_2) → (ι : Type u_1) → [Semiring 𝕜] → [PartialOrder 𝕜] → [Fintype ι] → Set (ι → 𝕜)
warning: Gametheory/Brouwer.lean:374:33: `stdSimplex` has been deprecated: Use `Convexity.StdSimplex` instead

Note: The updated constant has a different type:
  (R : Type u) → [LE R] → [AddCommMonoid R] → [One R] → Type v → Type (max u v)
instead of
  (𝕜 : Type u_2) → (ι : Type u_1) → [Semiring 𝕜] → [PartialOrder 𝕜] → [Fintype ι] → Set (ι → 𝕜)
warning: Gametheory/Brouwer.lean:391:42: `stdSimplex` has been deprecated: Use `Convexity.StdSimplex` instead

Note: The updated constant has a different type:
  (R : Type u) → [LE R] → [AddCommMonoid R] → [One R] → Type v → Type (max u v)
instead of
  (𝕜 : Type u_2) → (ι : Type u_1) → [Semiring 𝕜] → [PartialOrder 𝕜] → [Fintype ι] → Set (ι → 𝕜)
warning: Gametheory/Brouwer.lean:391:42: `stdSimplex` has been deprecated: Use `Convexity.StdSimplex` instead

Note: The updated constant has a different type:
  (R : Type u) → [LE R] → [AddCommMonoid R] → [One R] → Type v → Type (max u v)
instead of
  (𝕜 : Type u_2) → (ι : Type u_1) → [Semiring 𝕜] → [PartialOrder 𝕜] → [Fintype ι] → Set (ι → 𝕜)
warning: Gametheory/Brouwer.lean:403:32: `stdSimplex` has been deprecated: Use `Convexity.StdSimplex` instead

Note: The updated constant has a different type:
  (R : Type u) → [LE R] → [AddCommMonoid R] → [One R] → Type v → Type (max u v)
instead of
  (𝕜 : Type u_2) → (ι : Type u_1) → [Semiring 𝕜] → [PartialOrder 𝕜] → [Fintype ι] → Set (ι → 𝕜)
warning: Gametheory/Brouwer.lean:506:40: `stdSimplex` has been deprecated: Use `Convexity.StdSimplex` instead

Note: The updated constant has a different type:
  (R : Type u) → [LE R] → [AddCommMonoid R] → [One R] → Type v → Type (max u v)
instead of
  (𝕜 : Type u_2) → (ι : Type u_1) → [Semiring 𝕜] → [PartialOrder 𝕜] → [Fintype ι] → Set (ι → 𝕜)
warning: Gametheory/Brouwer.lean:506:63: `stdSimplex` has been deprecated: Use `Convexity.StdSimplex` instead

Note: The updated constant has a different type:
  (R : Type u) → [LE R] → [AddCommMonoid R] → [One R] → Type v → Type (max u v)
instead of
  (𝕜 : Type u_2) → (ι : Type u_1) → [Semiring 𝕜] → [PartialOrder 𝕜] → [Fintype ι] → Set (ι → 𝕜)
warning: Gametheory/Brouwer.lean:507:65: `stdSimplex` has been deprecated: Use `Convexity.StdSimplex` instead

Note: The updated constant has a different type:
  (R : Type u) → [LE R] → [AddCommMonoid R] → [One R] → Type v → Type (max u v)
instead of
  (𝕜 : Type u_2) → (ι : Type u_1) → [Semiring 𝕜] → [PartialOrder 𝕜] → [Fintype ι] → Set (ι → 𝕜)
warning: Gametheory/Brouwer.lean:525:38: `stdSimplex` has been deprecated: Use `Convexity.StdSimplex` instead

Note: The updated constant has a different type:
  (R : Type u) → [LE R] → [AddCommMonoid R] → [One R] → Type v → Type (max u v)
instead of
  (𝕜 : Type u_2) → (ι : Type u_1) → [Semiring 𝕜] → [PartialOrder 𝕜] → [Fintype ι] → Set (ι → 𝕜)
warning: Gametheory/Brouwer.lean:548:23: `stdSimplex` has been deprecated: Use `Convexity.StdSimplex` instead

Note: The updated constant has a different type:
  (R : Type u) → [LE R] → [AddCommMonoid R] → [One R] → Type v → Type (max u v)
instead of
  (𝕜 : Type u_2) → (ι : Type u_1) → [Semiring 𝕜] → [PartialOrder 𝕜] → [Fintype ι] → Set (ι → 𝕜)
warning: Gametheory/Brouwer.lean:549:46: `stdSimplex` has been deprecated: Use `Convexity.StdSimplex` instead

Note: The updated constant has a different type:
  (R : Type u) → [LE R] → [AddCommMonoid R] → [One R] → Type v → Type (max u v)
instead of
  (𝕜 : Type u_2) → (ι : Type u_1) → [Semiring 𝕜] → [PartialOrder 𝕜] → [Fintype ι] → Set (ι → 𝕜)
warning: Gametheory/Brouwer.lean:551:55: `stdSimplex` has been deprecated: Use `Convexity.StdSimplex` instead

Note: The updated constant has a different type:
  (R : Type u) → [LE R] → [AddCommMonoid R] → [One R] → Type v → Type (max u v)
instead of
  (𝕜 : Type u_2) → (ι : Type u_1) → [Semiring 𝕜] → [PartialOrder 𝕜] → [Fintype ι] → Set (ι → 𝕜)
warning: Gametheory/Brouwer.lean:552:46: `stdSimplex` has been deprecated: Use `Convexity.StdSimplex` instead

Note: The updated constant has a different type:
  (R : Type u) → [LE R] → [AddCommMonoid R] → [One R] → Type v → Type (max u v)
instead of
  (𝕜 : Type u_2) → (ι : Type u_1) → [Semiring 𝕜] → [PartialOrder 𝕜] → [Fintype ι] → Set (ι → 𝕜)
warning: Gametheory/Brouwer.lean:566:34: `stdSimplex` has been deprecated: Use `Convexity.StdSimplex` instead

Note: The updated constant has a different type:
  (R : Type u) → [LE R] → [AddCommMonoid R] → [One R] → Type v → Type (max u v)
instead of
  (𝕜 : Type u_2) → (ι : Type u_1) → [Semiring 𝕜] → [PartialOrder 𝕜] → [Fintype ι] → Set (ι → 𝕜)
warning: Gametheory/Brouwer.lean:566:57: `stdSimplex` has been deprecated: Use `Convexity.StdSimplex` instead

Note: The updated constant has a different type:
  (R : Type u) → [LE R] → [AddCommMonoid R] → [One R] → Type v → Type (max u v)
instead of
  (𝕜 : Type u_2) → (ι : Type u_1) → [Semiring 𝕜] → [PartialOrder 𝕜] → [Fintype ι] → Set (ι → 𝕜)
warning: Gametheory/Brouwer.lean:626:34: `stdSimplex` has been deprecated: Use `Convexity.StdSimplex` instead

Note: The updated constant has a different type:
  (R : Type u) → [LE R] → [AddCommMonoid R] → [One R] → Type v → Type (max u v)
instead of
  (𝕜 : Type u_2) → (ι : Type u_1) → [Semiring 𝕜] → [PartialOrder 𝕜] → [Fintype ι] → Set (ι → 𝕜)
warning: Gametheory/Brouwer.lean:626:57: `stdSimplex` has been deprecated: Use `Convexity.StdSimplex` instead

Note: The updated constant has a different type:
  (R : Type u) → [LE R] → [AddCommMonoid R] → [One R] → Type v → Type (max u v)
instead of
  (𝕜 : Type u_2) → (ι : Type u_1) → [Semiring 𝕜] → [PartialOrder 𝕜] → [Fintype ι] → Set (ι → 𝕜)
warning: Gametheory/Brouwer.lean:631:87: `stdSimplex` has been deprecated: Use `Convexity.StdSimplex` instead

Note: The updated constant has a different type:
  (R : Type u) → [LE R] → [AddCommMonoid R] → [One R] → Type v → Type (max u v)
instead of
  (𝕜 : Type u_2) → (ι : Type u_1) → [Semiring 𝕜] → [PartialOrder 𝕜] → [Fintype ι] → Set (ι → 𝕜)
warning: Gametheory/Brouwer.lean:685:122: `stdSimplex` has been deprecated: Use `Convexity.StdSimplex` instead

Note: The updated constant has a different type:
  (R : Type u) → [LE R] → [AddCommMonoid R] → [One R] → Type v → Type (max u v)
instead of
  (𝕜 : Type u_2) → (ι : Type u_1) → [Semiring 𝕜] → [PartialOrder 𝕜] → [Fintype ι] → Set (ι → 𝕜)
warning: Gametheory/Brouwer.lean:686:83: `stdSimplex` has been deprecated: Use `Convexity.StdSimplex` instead

Note: The updated constant has a different type:
  (R : Type u) → [LE R] → [AddCommMonoid R] → [One R] → Type v → Type (max u v)
instead of
  (𝕜 : Type u_2) → (ι : Type u_1) → [Semiring 𝕜] → [PartialOrder 𝕜] → [Fintype ι] → Set (ι → 𝕜)
warning: Gametheory/Brouwer.lean:705:65: `stdSimplex` has been deprecated: Use `Convexity.StdSimplex` instead

Note: The updated constant has a different type:
  (R : Type u) → [LE R] → [AddCommMonoid R] → [One R] → Type v → Type (max u v)
instead of
  (𝕜 : Type u_2) → (ι : Type u_1) → [Semiring 𝕜] → [PartialOrder 𝕜] → [Fintype ι] → Set (ι → 𝕜)
warning: Gametheory/Brouwer.lean:706:53: `stdSimplex` has been deprecated: Use `Convexity.StdSimplex` instead

Note: The updated constant has a different type:
  (R : Type u) → [LE R] → [AddCommMonoid R] → [One R] → Type v → Type (max u v)
instead of
  (𝕜 : Type u_2) → (ι : Type u_1) → [Semiring 𝕜] → [PartialOrder 𝕜] → [Fintype ι] → Set (ι → 𝕜)
warning: Gametheory/Brouwer.lean:713:48: `stdSimplex` has been deprecated: Use `Convexity.StdSimplex` instead

Note: The updated constant has a different type:
  (R : Type u) → [LE R] → [AddCommMonoid R] → [One R] → Type v → Type (max u v)
instead of
  (𝕜 : Type u_2) → (ι : Type u_1) → [Semiring 𝕜] → [PartialOrder 𝕜] → [Fintype ι] → Set (ι → 𝕜)
warning: Gametheory/Brouwer.lean:717:48: `stdSimplex` has been deprecated: Use `Convexity.StdSimplex` instead

Note: The updated constant has a different type:
  (R : Type u) → [LE R] → [AddCommMonoid R] → [One R] → Type v → Type (max u v)
instead of
  (𝕜 : Type u_2) → (ι : Type u_1) → [Semiring 𝕜] → [PartialOrder 𝕜] → [Fintype ι] → Set (ι → 𝕜)
warning: Gametheory/Brouwer.lean:732:83: `stdSimplex` has been deprecated: Use `Convexity.StdSimplex` instead

Note: The updated constant has a different type:
  (R : Type u) → [LE R] → [AddCommMonoid R] → [One R] → Type v → Type (max u v)
instead of
  (𝕜 : Type u_2) → (ι : Type u_1) → [Semiring 𝕜] → [PartialOrder 𝕜] → [Fintype ι] → Set (ι → 𝕜)
warning: Gametheory/Brouwer.lean:740:81: `stdSimplex` has been deprecated: Use `Convexity.StdSimplex` instead

Note: The updated constant has a different type:
  (R : Type u) → [LE R] → [AddCommMonoid R] → [One R] → Type v → Type (max u v)
instead of
  (𝕜 : Type u_2) → (ι : Type u_1) → [Semiring 𝕜] → [PartialOrder 𝕜] → [Fintype ι] → Set (ι → 𝕜)
warning: Gametheory/Brouwer.lean:742:81: `stdSimplex` has been deprecated: Use `Convexity.StdSimplex` instead

Note: The updated constant has a different type:
  (R : Type u) → [LE R] → [AddCommMonoid R] → [One R] → Type v → Type (max u v)
instead of
  (𝕜 : Type u_2) → (ι : Type u_1) → [Semiring 𝕜] → [PartialOrder 𝕜] → [Fintype ι] → Set (ι → 𝕜)
warning: Gametheory/Brouwer.lean:743:46: `stdSimplex` has been deprecated: Use `Convexity.StdSimplex` instead

Note: The updated constant has a different type:
  (R : Type u) → [LE R] → [AddCommMonoid R] → [One R] → Type v → Type (max u v)
instead of
  (𝕜 : Type u_2) → (ι : Type u_1) → [Semiring 𝕜] → [PartialOrder 𝕜] → [Fintype ι] → Set (ι → 𝕜)
warning: Gametheory/Brouwer.lean:746:83: `stdSimplex` has been deprecated: Use `Convexity.StdSimplex` instead

Note: The updated constant has a different type:
  (R : Type u) → [LE R] → [AddCommMonoid R] → [One R] → Type v → Type (max u v)
instead of
  (𝕜 : Type u_2) → (ι : Type u_1) → [Semiring 𝕜] → [PartialOrder 𝕜] → [Fintype ι] → Set (ι → 𝕜)
✔ [9275/9391] Built QICLean.Kraus.ProjectionTriangularTrace (20s)
✔ [9276/9398] Built QICLean.Analysis.CoisometricCompression (20s)
✔ [9277/9399] Built TNLean.Circuit.Measurement.Protocol (19s)
✔ [9278/9400] Built TNLean.Circuit.Channel.PhysicalPort (18s)
✔ [9279/9400] Built TNLean.Circuit.Gates.ControlledProducts (19s)
✔ [9280/9400] Built TNLean.Circuit.Channel.ApproximateConversion (15s)
✔ [9281/9400] Built TNLean.Circuit.Channel.Feedforward (13s)
✔ [9282/9404] Built TNLean.Algebra.UnitaryRepresentationAlgebra (19s)
✔ [9283/9404] Built TNLean.Circuit.Channel.DimensionBoundedConversion (11s)
✔ [9284/9404] Built TNLean.Circuit.Channel.OnsiteRegisterEncoding (12s)
✔ [9285/9404] Built QICLean.Algebra.StarSubalgebraBlockForm (18s)
✔ [9286/9404] Built QICLean.Analysis.SpectralRadiusPowerDecay (12s)
✔ [9287/9404] Built QICLean.Kraus.Transfer (9.5s)
✔ [9288/9404] Built TNLean.MPS.Defs (10s)
✔ [9289/9404] Built QICLean.Channel.EnvironmentDilation (11s)
✔ [9290/9405] Built QICLean.Channel.FixedPoint.SupportInvariance (11s)
✔ [9291/9406] Built QICLean.Channel.GaugeConjugation (10s)
✔ [9292/9406] Built QICLean.Channel.KrausMap (12s)
✔ [9293/9406] Built TNLean.Algebra.PureStateTraceNorm (13s)
✔ [9294/9406] Built TNLean.Circuit.ConfigurationLayers (15s)
✔ [9295/9406] Built TNLean.Circuit.Measurement.GHZ (16s)
✔ [9296/9406] Built TNLean.Circuit.Measurement.Rounds (16s)
✔ [9297/9406] Built QICLean.Channel.FixedPoint.Cesaro (18s)
✔ [9298/9406] Built QICLean.Channel.FixedPoint.MaximalSupportBasic (19s)
✔ [9299/9406] Built TNLean.Circuit.Channel.PortRouting (19s)
✔ [9300/9406] Built QICLean.Algebra.PositiveSemidefiniteNormalization (19s)
✔ [9301/9406] Built TNLean.Circuit.Gates.Givens (22s)
✔ [9302/9410] Built TNLean.Circuit.Channel.AsymptoticConversion (21s)
✔ [9303/9410] Built QICLean.Analysis.SupportCompression (22s)
✔ [9304/9410] Built TNLean.Circuit.Measurement.AdaptiveConversion (22s)
✔ [9305/9410] Built TNLean.Circuit.Channel.EncodedChannelPlacement (21s)
✔ [9306/9410] Built TNLean.Algebra.UnitaryRepresentationBlocks (23s)
✔ [9307/9410] Built TNLean.Algebra.FiniteGroupCommutant (22s)
✔ [9308/9410] Built TNLean.MPS.Core.ProjectionTriangularTrace (19s)
✔ [9309/9410] Built QICLean.Channel.PositiveConditionalExpectationDirectSum (23s)
✔ [9310/9410] Built TNLean.MPS.Core.CanonicalNormalization (18s)
✔ [9311/9410] Built TNLean.MPS.Chain.OneSidedInverse (16s)
✔ [9312/9410] Built TNLean.MPS.Core.TracePairing (18s)
✔ [9313/9410] Built QICLean.Channel.Primitive (22s)
✔ [9314/9411] Built TNLean.MPS.Core.MultiBlock (14s)
✔ [9315/9411] Built TNLean.MPS.SharedInfra.CoisometryGauge (15s)
✔ [9316/9411] Built TNLean.MPS.Overlap.Basic (14s)
✔ [9317/9412] Built TNLean.Circuit.Channel.RegisterEnvironment (14s)
✔ [9318/9412] Built QICLean.Channel.Irreducible.FixedPoint (14s)
✔ [9319/9412] Built QICLean.Kraus.InvariantProjection (15s)
✔ [9320/9412] Built QICLean.Kraus.CPPrimitive (16s)
✔ [9321/9412] Built TNLean.Circuit.Measurement.Asymptotic (16s)
✔ [9322/9412] Built QICLean.Channel.PerronFrobenius.Normalization (17s)
✔ [9323/9412] Built QICLean.Channel.KrausGauge (17s)
✔ [9324/9412] Built TNLean.Circuit.Measurement.Channel (17s)
✔ [9325/9412] Built TNLean.Circuit.Measurement.PreparedComposition (16s)
✔ [9326/9416] Built TNLean.Circuit.Measurement.CoherentRounds (17s)
✔ [9327/9418] Built TNLean.Circuit.Channel.PhysicalPortEmbedding (18s)
✔ [9328/9418] Built TNLean.Circuit.Channel.PortChannelRouting (17s)
✔ [9329/9418] Built TNLean.Circuit.Channel.OnsiteChannelProduct (17s)
✔ [9330/9418] Built TNLean.MPS.Structure.LinearExtension (15s)
✔ [9331/9418] Built QICLean.Channel.FixedPoint.FullSupportBlockRetraction (16s)
✔ [9332/9418] Built TNLean.Circuit.Gates.TwoSiteUniversality (18s)
✔ [9333/9418] Built QICLean.Channel.DensityRetract (17s)
✔ [9334/9418] Built QICLean.Channel.FixedPoint.StationarySupportRestriction (19s)
✔ [9335/9418] Built QICLean.Channel.Peripheral.Spectrum (15s)
✔ [9336/9418] Built QICLean.Kraus.PrimitiveFixedPoint.Basic (15s)
✔ [9337/9418] Built TNLean.MPS.BNT.Basic (11s)
✔ [9338/9418] Built TNLean.MPS.Overlap.CastLemmas (11s)
✔ [9339/9418] Built TNLean.MPS.SharedInfra.BlockAssembly (14s)
✔ [9340/9418] Built TNLean.Circuit.Teleportation.Hop (25s)
✔ [9341/9418] Built QICLean.QPF.PosDef (10s)
✔ [9342/9420] Built QICLean.Channel.Irreducible.FixedPointUniqueness (11s)
✔ [9343/9420] Built TNLean.MPS.Core.TPGauge (11s)
✔ [9344/9420] Built TNLean.Circuit.Measurement.AdaptiveRound (11s)
✔ [9345/9420] Built QICLean.Channel.Irreducible.Scaling (10s)
✔ [9346/9420] Built QICLean.Algebra.MatrixCongruence (12s)
✔ [9347/9420] Built TNLean.Circuit.Channel.PhysicalPortLocalDilation (14s)
⚠ [9348/9420] Built Gametheory.Brouwer_product (65s)
warning: Gametheory/Brouwer_product.lean:15:21: `stdSimplex` has been deprecated: Use `Convexity.StdSimplex` instead

Note: The updated constant has a different type:
  (R : Type u) → [LE R] → [AddCommMonoid R] → [One R] → Type v → Type (max u v)
instead of
  (𝕜 : Type u_2) → (ι : Type u_1) → [Semiring 𝕜] → [PartialOrder 𝕜] → [Fintype ι] → Set (ι → 𝕜)
warning: Gametheory/Brouwer_product.lean:18:37: `stdSimplex` has been deprecated: Use `Convexity.StdSimplex` instead

Note: The updated constant has a different type:
  (R : Type u) → [LE R] → [AddCommMonoid R] → [One R] → Type v → Type (max u v)
instead of
  (𝕜 : Type u_2) → (ι : Type u_1) → [Semiring 𝕜] → [PartialOrder 𝕜] → [Fintype ι] → Set (ι → 𝕜)
warning: Gametheory/Brouwer_product.lean:48:12: `WellFounded.min_le` has been deprecated: Use `WellFoundedLT.min_le` instead

Note: The updated constant is in a different namespace. Dot notation may need to be changed (e.g., from `x.min_le` to `WellFoundedLT.min_le x`).

Hint: Replace the deprecated name:
  WellFoundedL̲T̲.min_le
warning: Gametheory/Brouwer_product.lean:224:8: `stdSimplex` has been deprecated: Use `Convexity.StdSimplex` instead

Note: The updated constant has a different type:
  (R : Type u) → [LE R] → [AddCommMonoid R] → [One R] → Type v → Type (max u v)
instead of
  (𝕜 : Type u_2) → (ι : Type u_1) → [Semiring 𝕜] → [PartialOrder 𝕜] → [Fintype ι] → Set (ι → 𝕜)
warning: Gametheory/Brouwer_product.lean:220:17: `stdSimplex` has been deprecated: Use `Convexity.StdSimplex` instead

Note: The updated constant has a different type:
  (R : Type u) → [LE R] → [AddCommMonoid R] → [One R] → Type v → Type (max u v)
instead of
  (𝕜 : Type u_2) → (ι : Type u_1) → [Semiring 𝕜] → [PartialOrder 𝕜] → [Fintype ι] → Set (ι → 𝕜)
warning: Gametheory/Brouwer_product.lean:229:15: `stdSimplex` has been deprecated: Use `Convexity.StdSimplex` instead

Note: The updated constant has a different type:
  (R : Type u) → [LE R] → [AddCommMonoid R] → [One R] → Type v → Type (max u v)
instead of
  (𝕜 : Type u_2) → (ι : Type u_1) → [Semiring 𝕜] → [PartialOrder 𝕜] → [Fintype ι] → Set (ι → 𝕜)
warning: Gametheory/Brouwer_product.lean:253:15: `stdSimplex` has been deprecated: Use `Convexity.StdSimplex` instead

Note: The updated constant has a different type:
  (R : Type u) → [LE R] → [AddCommMonoid R] → [One R] → Type v → Type (max u v)
instead of
  (𝕜 : Type u_2) → (ι : Type u_1) → [Semiring 𝕜] → [PartialOrder 𝕜] → [Fintype ι] → Set (ι → 𝕜)
warning: Gametheory/Brouwer_product.lean:375:8: `stdSimplex` has been deprecated: Use `Convexity.StdSimplex` instead

Note: The updated constant has a different type:
  (R : Type u) → [LE R] → [AddCommMonoid R] → [One R] → Type v → Type (max u v)
instead of
  (𝕜 : Type u_2) → (ι : Type u_1) → [Semiring 𝕜] → [PartialOrder 𝕜] → [Fintype ι] → Set (ι → 𝕜)
warning: Gametheory/Brouwer_product.lean:362:17: `stdSimplex` has been deprecated: Use `Convexity.StdSimplex` instead

Note: The updated constant has a different type:
  (R : Type u) → [LE R] → [AddCommMonoid R] → [One R] → Type v → Type (max u v)
instead of
  (𝕜 : Type u_2) → (ι : Type u_1) → [Semiring 𝕜] → [PartialOrder 𝕜] → [Fintype ι] → Set (ι → 𝕜)
warning: Gametheory/Brouwer_product.lean:382:15: `stdSimplex` has been deprecated: Use `Convexity.StdSimplex` instead

Note: The updated constant has a different type:
  (R : Type u) → [LE R] → [AddCommMonoid R] → [One R] → Type v → Type (max u v)
instead of
  (𝕜 : Type u_2) → (ι : Type u_1) → [Semiring 𝕜] → [PartialOrder 𝕜] → [Fintype ι] → Set (ι → 𝕜)
✔ [9349/9420] Built QICLean.Analysis.SpectralRadius (16s)
✔ [9350/9423] Built TNLean.MPS.FundamentalTheorem.Basic (15s)
✔ [9351/9425] Built TNLean.Circuit.Channel.PhysicalPortEnvironmentComposition (17s)
✔ [9352/9427] Built TNLean.Circuit.Channel.PortRegisters (17s)
✔ [9353/9427] Built TNLean.Circuit.Channel.EncodedChannelLayer (17s)
✔ [9354/9427] Built TNLean.Circuit.Gates (16s)
✔ [9355/9427] Built TNLean.Circuit.ImageReflectionCircuit (16s)
✔ [9356/9430] Built QICLean.Channel.FixedPoint.TraceAdjointDensityBlocks (18s)
✔ [9357/9434] Built TNLean.Circuit.WindowProduct (16s)
✔ [9358/9437] Built QICLean.Kraus.PrimitiveFixedPoint.Peripheral (15s)
✔ [9359/9439] Built QICLean.Channel.Peripheral.PeriodicityRemoval (15s)
✔ [9360/9439] Built QICLean.Channel.Irreducible.Growth.OneStep (16s)
✔ [9361/9439] Built TNLean.Circuit.QuantitativeUnitaryGates (16s)
✔ [9362/9439] Built TNLean.Circuit.Teleportation.ZeroSubspace (13s)
✔ [9363/9441] Built QICLean.Channel.Irreducible.AdjointFamily (16s)
✔ [9364/9449] Built TNLean.Circuit.Teleportation.Round (14s)
✔ [9365/9449] Built QICLean.QPF.Uniqueness (12s)
✔ [9366/9449] Built QICLean.Channel.Irreducible.Growth.Preservation (11s)
✔ [9367/9449] Built TNLean.Circuit.Measurement (9.7s)
✔ [9368/9449] Built QICLean.Channel.Semigroup.GeneratorDefs (9.8s)
✔ [9369/9451] Built TNLean.MPS.SharedInfra.SectorDecomposition (19s)
✔ [9370/9451] Built TNLean.Circuit.Channel.PhysicalPortDilation (10s)
✔ [9371/9452] Built TNLean.Circuit.Channel.PortSimulation (10s)
✔ [9372/9459] Built TNLean.Circuit.Channel.NativeRegisterWires (11s)
✔ [9373/9459] Built TNLean.Circuit.Channel.EncodedChannelProtocol (12s)
✔ [9374/9459] Built QICLean.Channel.Semigroup.ProductFormula (14s)
✔ [9375/9464] Built QICLean.Channel.FixedPoint.DirectSumBlockRetraction (13s)
✔ [9376/9464] Built QICLean.Channel.KrausUnitaryFreedom (13s)
✔ [9377/9464] Built QICLean.Channel.Peripheral.CyclicDecomposition.Basic (13s)
✔ [9378/9468] Built QICLean.Channel.Semigroup.Kernel (14s)
✔ [9379/9494] Built QICLean.Channel.Peripheral.Conjugation (13s)
✔ [9380/9494] Built TNLean.Circuit.ZeroRegisterConjunction (14s)
✔ [9381/9496] Built QICLean.Channel.Determinant.Basic (14s)
✔ [9382/9496] Built QICLean.Channel.Irreducible.Similarity (15s)
✔ [9383/9496] Built QICLean.QPF.Assembly (13s)
✔ [9384/9502] Built TNLean.Circuit.Teleportation.Chains (14s)
✔ [9385/9502] Built QICLean.Channel.Schwarz.PositiveOnAbelian.Basic (15s)
✔ [9386/9502] Built QICLean.Analysis.AdjointEigenvalues (11s)
✔ [9387/9502] Built QICLean.Channel.Irreducible.Growth.KernelDescent (13s)
✔ [9388/9503] Built QICLean.Channel.Semigroup.LindbladForm.Basic (13s)
✔ [9389/9503] Built QICLean.Channel.Peripheral.Powers (10s)
✔ [9390/9504] Built TNLean.MPS.SharedInfra.BlockGauge (11s)
✔ [9391/9504] Built QICLean.Channel.Schwarz.MultiplicativeDomain (10s)
✔ [9392/9504] Built TNLean.Circuit.Channel.PhysicalRegisterEncoding (10s)
✔ [9393/9504] Built TNLean.Circuit.Channel.NativePortLayer (10s)
✔ [9394/9504] Built QICLean.Algebra.FrobeniusHilbert (9.9s)
✔ [9395/9506] Built TNLean.Algebra.InjectivePositiveMapRank (15s)
✔ [9396/9506] Built QICLean.Channel.FixedPoint.CanonicalGauge (14s)
✔ [9397/9506] Built QICLean.Kraus.MixedMap (15s)
✔ [9398/9506] Built TNLean.MPS.Core.ScaledNormality (15s)
✔ [9399/9506] Built QICLean.Kraus.Blocking (16s)
✔ [9400/9507] Built TNLean.MPS.Core.PhysicalRotation (16s)
⚠ [9401/9507] Built QICLean.Topology.BrouwerProduct (36s)
warning: QICLean/Topology/BrouwerProduct.lean:33:36: `stdSimplexHomeomorphUnitInterval` has been deprecated: Use `Convexity.StdSimplex.homeomorphI` instead

Note: The updated constant has a different type:
  Convexity.StdSimplex ℝ (Fin 2) ≃ₜ ↑unitInterval
instead of
  ↑(stdSimplex ℝ (Fin 2)) ≃ₜ ↑unitInterval
✔ [9402/9507] Built TNLean.MPS.Chain.Defs (16s)
✔ [9403/9507] Built QICLean.Kraus.Wielandt.SpanGrowth.CumulativeSpan (15s)
✔ [9404/9507] Built TNLean.Circuit.ZeroRegisterReflection (18s)
✔ [9405/9509] Built TNLean.Circuit.Teleportation.LongRangeGates (18s)
✔ [9406/9509] Built QICLean.Channel.Peripheral.AdjointSpectrum (19s)
✔ [9407/9512] Built QICLean.Channel.Determinant.Bound (19s)
✔ [9408/9514] Built QICLean.Channel.Irreducible.Growth.OrthogonalTrace (19s)
✔ [9409/9525] Built QICLean.Channel.Semigroup.LindbladForm.Uniqueness (20s)
✔ [9410/9532] Built QICLean.Algebra.FrameOperator (17s)
✔ [9411/9533] Built QICLean.Channel.Semigroup.LindbladForm.TraceBridge (19s)
✔ [9412/9538] Built QICLean.Channel.Semigroup.LindbladForm.ChoiCCP (20s)
✔ [9413/9538] Built TNLean.MPS.FundamentalTheorem.Multi (19s)
✔ [9414/9546] Built QICLean.Channel.Schwarz.MultiplicativeDomainPowers (14s)
✔ [9415/9546] Built QICLean.Channel.Schwarz.PositiveOnAbelian.Consequences (25s)
✔ [9416/9546] Built QICLean.Kraus.MapIterate (15s)
✔ [9417/9546] Built TNLean.Circuit.Channel.PhysicalProtocolCompilation (15s)
✔ [9418/9546] Built TNLean.Circuit.Channel.WholeSiteChannels (15s)
✔ [9419/9550] Built QICLean.Algebra.TraceFormDuality (13s)
✔ [9420/9551] Built QICLean.Kraus.Wielandt.SpanGrowth.EigenvectorSpreading (12s)
✔ [9421/9551] Built TNLean.MPS.Core.Blocking (17s)
✔ [9422/9551] Built QICLean.Channel.TransferMatrix (18s)
✔ [9423/9551] Built TNLean.Wielandt.SpanGrowth.CumulativeSpan (14s)
✔ [9424/9551] Built QICLean.Algebra.EigenspaceMap (12s)
✔ [9425/9551] Built QICLean.Kraus.MixedMap.GaugeRigidity (19s)
✔ [9426/9551] Built QICLean.Algebra.MatrixFamilyAction (12s)
✔ [9427/9551] Built TNLean.Circuit.CleanUnitaryImplementation (15s)
✔ [9428/9551] Built TNLean.Circuit.Teleportation.RegisterGates (17s)
✔ [9429/9552] Built QICLean.Analysis.MatrixNonzeroTraceEigenvalue (15s)
✔ [9430/9552] Built QICLean.Channel.Peripheral.CyclicDecomposition.LetterShift (16s)
✔ [9431/9552] Built TNLean.MPS.Structure.InvariantSubspaceDecomp.Basic (17s)
✔ [9432/9552] Built QICLean.Channel.Peripheral.ClosureFixedPointKraus (18s)
✔ [9433/9552] Built QICLean.Channel.Peripheral.CyclicDecomposition.CyclicProjections (19s)
✔ [9434/9554] Built QICLean.Channel.Peripheral.CyclicDecomposition.PeripheralUnitary (19s)
✔ [9435/9554] Built QICLean.Channel.Schwarz.SchwarzNormal (18s)
✔ [9436/9554] Built QICLean.Channel.Semigroup.LindbladForm.EulerStep (23s)
✔ [9437/9566] Built QICLean.Kraus.Wielandt.SpanGrowth.VectorToMatrixSpan (14s)
✔ [9438/9566] Built QICLean.Algebra.MatrixMulRange (14s)
✔ [9439/9569] Built TNLean.Circuit.Channel.PhysicalPortCodes (19s)
✔ [9440/9569] Built QICLean.Kraus.TracePairing (20s)
✔ [9441/9569] Built QICLean.Analysis.FittingDecomposition (19s)
✔ [9442/9570] Built TNLean.MPS.Core.RepeatedWord (14s)
✔ [9443/9570] Built QICLean.Kraus.Wielandt.Primitivity.VectorSpreadPositivity (17s)
✔ [9444/9584] Built QICLean.Kraus.Wielandt.Primitivity.EasyDirections (16s)
✔ [9445/9584] Built TNLean.MPS.Core.BlockingTransfer (15s)
✔ [9446/9607] Built TNLean.Wielandt.SpanGrowth.EigenvectorSpreading (13s)
✔ [9447/9607] Built TNLean.Spectral.MPVOverlapTrace (16s)
✔ [9448/9607] Built TNLean.Circuit.SelectedZeroRegisterReflection (13s)
✔ [9449/9607] Built TNLean.Circuit.CleanImplementationPlacement (11s)
✔ [9450/9655] Built QICLean.Kraus.IrreducibleAction (14s)
✔ [9451/9655] Built TNLean.Circuit.Teleportation (12s)
✔ [9452/9655] Built QICLean.Topology.CompactRetractFixedPoint (44s)
✔ [9453/9655] Built QICLean.Kraus.Wielandt.SpanGrowth.CumulativeToWordSpan (14s)
✔ [9454/9655] Built TNLean.MPS.Structure.InvariantSubspaceDecomp (17s)
✔ [9455/9655] Built QICLean.Channel.Peripheral.CyclicGroupKraus (17s)
✔ [9456/9655] Built QICLean.Channel.Peripheral.CyclicDecomposition.Decomposition (17s)
✔ [9457/9655] Built QICLean.Algebra.ScalarPowerSumIdentity (15s)
✔ [9458/9659] Built QICLean.Kraus.Wielandt.RectangularSpan.Basic (18s)
✔ [9459/9659] Built QICLean.Kraus.Wielandt.SpanGrowth.InvertibleWordSpan (18s)
✔ [9460/9659] Built TNLean.Circuit.Channel.DataInitialization (19s)
✔ [9461/9659] Built QICLean.Channel.Schwarz.SchwarzSubnormal (20s)
✔ [9462/9659] Built QICLean.Channel.Semigroup.LindbladForm.GKSLTheorem (20s)
✔ [9463/9659] Built QICLean.Channel.KrausIterateChoi (19s)
✔ [9464/9681] Built TNLean.Wielandt.SpanGrowth.VectorToMatrixSpan (17s)
✔ [9465/9681] Built TNLean.MPS.Irreducible.PeriodicBlocking (18s)
✔ [9466/9681] Built QICLean.Channel.KrausCornerCompression (20s)
✔ [9467/9681] Built TNLean.Wielandt.Primitivity.Definitions (17s)
✔ [9468/9681] Built QICLean.Channel.Peripheral.CyclicDecomposition.Primitivity (19s)
✔ [9469/9681] Built QICLean.Analysis.MatrixFittingRange (20s)
✔ [9470/9681] Built TNLean.MPS.SharedInfra.MatrixFamilyTracePairing (10s)
✔ [9471/9681] Built QICLean.Channel.Schwarz.MultiplicativeDomainFull (18s)
✔ [9472/9681] Built TNLean.MPS.MPDO.Defs (13s)
✔ [9473/9681] Built TNLean.MPS.SharedInfra.WordTupleGauge (12s)
✔ [9474/9681] Built TNLean.MPS.OpenBoundary (10s)
✔ [9475/9681] Built TNLean.Spectral.MPVOverlapDecayRect (11s)
✔ [9476/9681] Built TNLean.Circuit.SelectedZeroRegisterSupport (11s)
✔ [9477/9681] Built TNLean.Circuit.SelectedZeroRegisterReflectionPool (10s)
✔ [9478/9681] Built QICLean.Kraus.Wielandt.SpanGrowth.AlgebraSpan (9.4s)
✔ [9479/9681] Built TNLean.Circuit.QuantitativeSitePermutation (11s)
✔ [9480/9681] Built TNLean.MPS.Core.WordGrading (14s)
✔ [9481/9690] Built TNLean.MPS.Core.WordFactor (16s)
✔ [9482/9690] Built TNLean.MPS.FundamentalTheorem.FiniteLength (23s)
✔ [9483/9690] Built TNLean.MPS.CanonicalForm.BNTGrouping (27s)
✔ [9484/9690] Built TNLean.MPS.Core.TransferPeripheral (26s)
✔ [9485/9690] Built QICLean.Kraus.Wielandt.SpanGrowth.NonzeroTraceProduct (27s)
✔ [9486/9690] Built TNLean.MPS.CanonicalForm.Reduction (27s)
✔ [9487/9690] Built TNLean.MPS.FundamentalTheorem.SectorWeightComparison (28s)
✔ [9488/9690] Built QICLean.Channel.Peripheral.GroupStructure (28s)
✔ [9489/9690] Built TNLean.Circuit.Channel.PhysicalPortIO (27s)
✔ [9490/9690] Built QICLean.Channel.Peripheral.AntilinearConjugation (28s)
✔ [9491/9690] Built QICLean.Channel.Semigroup.LindbladForm (27s)
✔ [9492/9690] Built TNLean.MPS.CanonicalForm.QuadraticReconstruction (27s)
✔ [9493/9690] Built TNLean.MPS.Core.TensorProduct (25s)
✔ [9494/9690] Built TNLean.MPS.Chain.VirtualInsertion (25s)
✔ [9495/9690] Built TNLean.MPS.Chain.BlockTensor (23s)
✔ [9496/9692] Built TNLean.MPS.CanonicalForm.PGVWC07CanonicalForm (26s)
✔ [9497/9692] Built TNLean.MPS.Chain.AlternatingNetwork (25s)
✔ [9498/9692] Built QICLean.Channel.Peripheral.CyclicDecomposition (20s)
✔ [9499/9692] Built TNLean.Wielandt.SpanGrowth.InvertibleWordSpan (19s)
✔ [9500/9692] Built TNLean.Wielandt.Primitivity.EasyDirections (19s)
✔ [9501/9692] Built TNLean.Wielandt.Primitivity.ImpliesStronglyIrreducible (19s)
✔ [9502/9692] Built QICLean.Kraus.Wielandt.RectangularSpan.Growth (19s)
✔ [9503/9692] Built TNLean.MPS.MPDO.OperatorProduct (19s)
✔ [9504/9692] Built QICLean.Channel.FixedPoint.Algebra (21s)
✔ [9505/9692] Built TNLean.MPS.ParentHamiltonian.GroundSpace (21s)
✔ [9506/9692] Built QICLean.Algebra.MatrixGramConjugation (20s)
✔ [9507/9692] Built TNLean.Wielandt.SpanGrowth.CumulativeToWordSpan (21s)
✔ [9508/9692] Built TNLean.Circuit.InitializedRegisterProjection (22s)
✔ [9509/9692] Built TNLean.MPS.ParentHamiltonian.BlockStrip (22s)
✔ [9510/9692] Built QICLean.Kraus.Wielandt.RankOne.Products (20s)
✔ [9511/9692] Built TNLean.MPS.Chain.CyclicBlockAverage (21s)
✔ [9512/9692] Built TNLean.Wielandt.SpanGrowth.NonzeroTraceProduct (20s)
✔ [9513/9692] Built TNLean.MPS.Core.CyclicTrace (21s)
✔ [9514/9717] Built TNLean.MPS.CanonicalForm.ProjectorClosure (20s)
✔ [9515/9717] Built TNLean.MPS.FundamentalTheorem.SectorBNT.Basic (18s)
✔ [9516/9717] Built TNLean.MPS.CanonicalForm.Definitions (20s)
✔ [9517/9717] Built TNLean.Circuit.Channel.PhysicalPortUnitaryCompilation (12s)
✔ [9518/9717] Built TNLean.MPS.Irreducible.FormII (22s)
✔ [9519/9748] Built QICLean.Channel.Semigroup.ReducibleQDS.Defs (9.3s)
✔ [9520/9748] Built TNLean.MPS.Core.TensorProductSpan (7.7s)
✔ [9521/9748] Built TNLean.MPS.CanonicalForm.FixedLengthIntertwiner (10s)
✔ [9522/9748] Built TNLean.MPS.Chain.AlgebraIsomorphism (9.4s)
✔ [9523/9748] Built TNLean.MPS.Chain.Transfer (15s)
✔ [9524/9748] Built QICLean.Channel.OrderedRectangular (17s)
✔ [9525/9748] Built QICLean.Channel.FixedPoint.BrouwerDensityMatrices (69s)
✔ [9526/9748] Built QICLean.Topology.CompactConvexFixedPoint (70s)
✔ [9527/9748] Built QICLean.Kraus.Wielandt.RectangularSpan.UniversalityAux.Quantitative (20s)
✔ [9528/9748] Built TNLean.MPS.MPDO.PhysicalAdjoint (20s)
✔ [9529/9748] Built TNLean.MPS.CanonicalForm.CyclicSectors.Compression (21s)
✔ [9530/9748] Built TNLean.MPS.ParentHamiltonian.Defs (20s)
✔ [9531/9748] Built QICLean.Kraus.NormalCommutant (20s)
✔ [9532/9748] Built QICLean.Kraus.Wielandt.RectangularSpan.UniversalityAux.Basic (21s)
✔ [9533/9748] Built TNLean.MPS.Chain.VaryingBondOBC (21s)
✔ [9534/9748] Built TNLean.Wielandt.RectangularSpan.Basic (21s)
✔ [9535/9748] Built TNLean.MPS.ParentHamiltonian.IntersectionProperty (22s)
✔ [9536/9748] Built TNLean.MPS.CanonicalForm.FaithfulStationaryClosure (21s)
✔ [9537/9748] Built TNLean.MPS.Chain.TensorEquality (20s)
✔ [9538/9748] Built QICLean.Algebra.PerronFrobenius.RankOne (22s)
✔ [9539/9748] Built TNLean.Tactic.Attr (3.5s)
✔ [9540/9748] Built QICLean.Channel.ChoiDoeblin (20s)
✔ [9541/9748] Built TNLean.MPS.Core.PhysicalMatrix (19s)
✔ [9542/9748] Built TNLean.MPS.Core.BondReindex (17s)
✔ [9543/9748] Built TNLean.MPS.CanonicalForm.ProjectorClosureDecomposition (24s)
✔ [9544/9748] Built TNLean.MPS.Core.CyclicTraceForcedBond (13s)
✔ [9545/9749] Built TNLean.MPS.Core.LetterScaledNormality (14s)
✔ [9546/9749] Built TNLean.MPS.Core.NormalityFromTwoWords (13s)
✔ [9547/9749] Built TNLean.MPS.Core.ObservableTransfer (15s)
✔ [9548/9749] Built TNLean.MPS.Core.PhysicalIndexMixing (17s)
✔ [9549/9749] Built TNLean.MPS.CanonicalForm.BNTTransport (20s)
✔ [9550/9749] Built TNLean.MPS.CanonicalForm.RetainedBlockReconstruction (20s)
✔ [9551/9749] Built TNLean.MPS.CanonicalForm.SingleBlock (20s)
✔ [9552/9749] Built TNLean.Circuit.Channel (20s)
✔ [9553/9749] Built QICLean.Algebra.NilMatrixSubalgebra (19s)
✔ [9554/9749] Built TNLean.MPS.Examples.ZMod2 (17s)
✔ [9555/9749] Built TNLean.MPS.Irreducible.ScalarFixedPoint (22s)
✔ [9556/9749] Built TNLean.MPS.Irreducible.Adjoint (22s)
✔ [9557/9749] Built TNLean.MPS.Periodic.Defs (23s)
✔ [9558/9749] Built TNLean.MPS.MPDO.ActionTensor (22s)
✔ [9559/9749] Built TNLean.MPS.Core.ReductionCrossMatrix (22s)
✔ [9560/9749] Built TNLean.MPS.Symmetry.Defs (21s)
✔ [9561/9770] Built TNLean.MPS.Core.TransferMatrix (22s)
✔ [9562/9770] Built TNLean.MPS.RFP.Defs (22s)
✔ [9563/9770] Built TNLean.MPS.ParentHamiltonian.CoefficientPairing (20s)
✔ [9564/9770] Built QICLean.Channel.Semigroup.ReducibleQDS.GeneratorCompression (24s)
✔ [9565/9770] Built TNLean.MPS.Chain.FundamentalTheorem (17s)
✔ [9566/9770] Built TNLean.MPS.Chain.Interval (15s)
✔ [9567/9777] Built TNLean.MPS.Symmetry.StringOrderDefs (19s)
✔ [9568/9777] Built QICLean.Kraus.RectangularChain (14s)
✔ [9569/9777] Built TNLean.MPS.CanonicalForm.CyclicSectors.CompressionPositive (15s)
✔ [9570/9777] Built TNLean.MPS.MPDO.VerticalCF (16s)
✔ [9571/9777] Built TNLean.Tactic.MatrixReciprocalSmul (12s)
✔ [9572/9777] Built TNLean.MPS.Chain.CrossProductRigidity (17s)
✔ [9573/9777] Built TNLean.MPS.CanonicalForm.CyclicSectors.CornerBridge (18s)
✔ [9574/9777] Built TNLean.MPS.Core.IsometricBondCompression (17s)
✔ [9575/9777] Built TNLean.MPS.ParentHamiltonian.Basic (18s)
✔ [9576/9777] Built TNLean.MPS.Chain.SiteIndependent (18s)
✔ [9577/9777] Built TNLean.MPS.Chain.VaryingBondChain (18s)
✔ [9578/9777] Built QICLean.Kraus.Wielandt.RectangularSpan.UniversalityAux.Sharp (19s)
✔ [9579/9786] Built TNLean.Wielandt.RectangularSpan.Growth (20s)
✔ [9580/9786] Built TNLean.MPS.ParentHamiltonian.SuffixWindow (20s)
✔ [9581/9786] Built TNLean.MPS.Core.BlockSum (19s)
✔ [9582/9786] Built QICLean.Algebra.SpinCover.Basic (19s)
✔ [9583/9786] Built QICLean.Analysis.MatrixTraceInequalities (21s)
✔ [9584/9786] Built TNLean.Circuit (19s)
✔ [9585/9786] Built TNLean.MPS.ParentHamiltonian.CyclicWindow (22s)
✔ [9586/9786] Built TNLean.MPS.CanonicalForm.BlockingViaAdjoint (19s)
✔ [9587/9786] Built TNLean.MPS.SharedInfra.KrausAdjointSetup (15s)
✔ [9588/9786] Built TNLean.MPS.SharedInfra.Scaling (15s)
✔ [9589/9789] Built TNLean.MPS.Symmetry.SymmetricMPS (13s)
✔ [9590/9789] Built TNLean.MPS.ParentHamiltonian.Martingale.DifferenceProjections (12s)
✔ [9591/9789] Built QICLean.Channel.PerronFrobenius.Existence (33s)
✔ [9592/9807] Built TNLean.MPS.ParentHamiltonian.CyclicWindowIndex (13s)
✔ [9593/9807] Built TNLean.Algebra.NonnegativeMatrixSpectralRadius (34s)
✔ [9594/9807] Built TNLean.MPS.Symmetry.GaugeUniqueness (14s)
✔ [9595/9807] Built TNLean.MPS.ParentHamiltonian.FNWBoundaryConvention (12s)
✔ [9596/9807] Built TNLean.MPS.ParentHamiltonian.FNWTransferConvention (13s)
✔ [9597/9807] Built TNLean.MPS.ParentHamiltonian.WeightedVirtualHilbert (14s)
✔ [9598/9807] Built TNLean.MPS.Chain.TranslationInvariance (13s)
✔ [9599/9807] Built TNLean.MPS.Chain.BlockedChainFT (14s)
✔ [9600/9807] Built TNLean.MPS.Core.Reduction (15s)
✔ [9601/9807] Built QICLean.Channel.Irreducible.Growth.Exponential (17s)
✔ [9602/9849] Built TNLean.MPS.Examples.AKLT (20s)
✔ [9603/9849] Built TNLean.MPS.MPDO.PerCopyHorizontalCF (16s)
✔ [9604/9849] Built TNLean.MPS.ParentHamiltonian.Nonvanishing (16s)
✔ [9605/9849] Built TNLean.MPS.ParentHamiltonian.GroundSpaceGram (18s)
✔ [9606/9849] Built QICLean.Analysis.WeightedSupertrace (19s)
✔ [9607/9849] Built QICLean.Kraus.Wielandt.RectangularSpan.UniversalityAux.NilpIndex (16s)
✔ [9608/9849] Built TNLean.MPS.ParentHamiltonian.ExtendRight (15s)
✔ [9609/9849] Built QICLean.Channel.ChoiResidual (15s)
✔ [9610/9849] Built TNLean.MPS.ParentHamiltonian.WrappingWindowLastSiteFactorization (15s)
✔ [9611/9853] Built TNLean.MPS.ParentHamiltonian.CyclicWindowPermutation (14s)
✔ [9612/9853] Built TNLean.MPS.ParentHamiltonian.ChainGroundSpace (15s)
✔ [9613/9853] Built TNLean.MPS.Examples.SpinOperator (14s)
✔ [9614/9853] Built TNLean.MPS.ParentHamiltonian.RestrictTransport (12s)
✔ [9615/9853] Built TNLean.MPS.ParentHamiltonian.BoundaryOverlap (12s)
✔ [9616/9853] Built QICLean.Algebra.ZModCyclicSums (9.6s)
✔ [9617/9853] Built TNLean.MPS.ParentHamiltonian.Martingale.Transport (19s)
✔ [9618/9853] Built TNLean.MPS.Core.BlockingInfrastructure (13s)
✔ [9619/9853] Built TNLean.MPS.ParentHamiltonian.Martingale.ProjectionCancellation (10s)
✔ [9620/9853] Built QICLean.Algebra.SpinCover.EulerAngles (26s)
✔ [9621/9856] Built TNLean.MPS.ParentHamiltonian.Martingale.MovingWindowCount (12s)
✔ [9622/9856] Built QICLean.Analysis.PositiveGapTransfer (16s)
✔ [9623/9856] Built QICLean.Analysis.TwoProjectionCompression (31s)
✔ [9624/9856] Built TNLean.MPS.ParentHamiltonian.Martingale.AnalyticBounds (15s)
✔ [9625/9856] Built TNLean.MPS.ParentHamiltonian.Martingale.AbstractCriterion (17s)
✔ [9626/9856] Built TNLean.MPS.Symmetry.VirtualRepresentation (19s)
✔ [9627/9857] Built TNLean.MPS.Core.ReductionResidual.Basic (21s)
✔ [9628/9857] Built QICLean.Channel.Irreducible.Growth (22s)
✔ [9629/9857] Built TNLean.MPS.FundamentalTheorem.Reduction.RingEmbedding (23s)
✔ [9630/9857] Built QICLean.Algebra.CornerSkolemNoether (25s)
✔ [9631/9857] Built TNLean.MPS.FundamentalTheorem.Reduction.WordModule (24s)
✔ [9632/9857] Built TNLean.MPS.MPDO.DirectSum (23s)
✔ [9633/9857] Built TNLean.MPS.MPDO.IdentityTensor (22s)
✔ [9634/9857] Built TNLean.MPS.MPDO.OperatorCyclicSum (23s)
✔ [9635/9857] Built QICLean.Algebra.RankOneSandwich (14s)
✔ [9636/9857] Built TNLean.MPS.MPDO.ZCL (23s)
✔ [9637/10023] Built QICLean.Kraus.Wielandt.RectangularSpan.UniversalityAux (21s)
✔ [9638/10023] Built TNLean.MPS.MPDO.BiCFDerivation.Core (23s)
✔ [9639/10023] Built QICLean.Channel.WindowMinorization (22s)
✔ [9640/10023] Built TNLean.MPS.MPDO.Purity (21s)
✔ [9641/10023] Built TNLean.MPS.ParentHamiltonian.WrappingWindow (22s)
✔ [9642/10029] Built TNLean.MPS.ParentHamiltonian.CyclicTranslation (19s)
✔ [9643/10029] Built TNLean.MPS.Examples.SpinOne (21s)
✔ [9644/10029] Built QICLean.Analysis.FiniteRangeKnabe (20s)
✔ [9645/10029] Built TNLean.MPS.ParentHamiltonian.KernelChainGroundSpace (19s)
✔ [9646/10029] Built QICLean.Algebra.SpinCover (17s)
✔ [9647/10029] Built TNLean.MPS.ParentHamiltonian.ShiftedParentHamiltonian (19s)
✔ [9648/10029] Built TNLean.MPS.CanonicalForm.CommonPeriodCyclicSectors (18s)
✔ [9649/10029] Built TNLean.MPS.CanonicalForm.CyclicSectors.Basic (19s)
✔ [9650/10029] Built TNLean.MPS.Core.PhysicalReindexTransport (19s)
✔ [9651/10029] Built TNLean.MPS.Core.ReductionExistence (20s)
✔ [9652/10029] Built QICLean.Channel.Peripheral.TransferMatrix (19s)
✔ [9653/10029] Built TNLean.MPS.ParentHamiltonian.Martingale.QuadraticFormGap (16s)
✔ [9654/10029] Built QICLean.Algebra.MatrixStabilization (13s)
✔ [9655/10029] Built TNLean.MPS.Core.ReductionResidual (15s)
✔ [9656/10029] Built TNLean.Algebra (54s)
✔ [9657/10029] Built QICLean.Channel.Irreducible.KrausSetup (57s)
✔ [9658/10029] Built TNLean.MPS.Irreducible.PerronGauge (58s)
✔ [9659/10029] Built QICLean.Channel.Irreducible.CollatzWielandt (16s)
✔ [9660/10029] Built QICLean.Channel.Peripheral.SpectralRadius (60s)
✔ [9661/10029] Built TNLean.MPS.ParentHamiltonian.Martingale.NachtergaeleFullRangeEstimate (20s)
✔ [9662/10029] Built TNLean.MPS.MPDO.PhysicalClosure (12s)
✔ [9663/10029] Built TNLean.MPS.FundamentalTheorem.Reduction.SimpleSeparation (14s)
✔ [9664/10029] Built QICLean.Algebra.MatrixPosDefTransport (11s)
✔ [9665/10029] Built TNLean.MPS.MPDO.OperatorProductBlockDiagonal (11s)
✔ [9666/10029] Built TNLean.MPS.FundamentalTheorem.Reduction.FlagData (15s)
✔ [9667/10029] Built TNLean.MPS.MPDO.DiagonalDressing (12s)
✔ [9668/10029] Built TNLean.MPS.MPDO.CZXGaussCircuitTuple (11s)
✔ [9669/10029] Built QICLean.Kraus.Wielandt.RectangularSpan.Universality (13s)
✔ [9670/10029] Built TNLean.MPS.MPDO.FirstSite (12s)
✔ [9671/10029] Built TNLean.MPS.FundamentalTheorem.Reduction.StarSemisimple (14s)
✔ [9672/10083] Built TNLean.MPS.Examples.GHZ (14s)
✔ [9673/10083] Built TNLean.MPS.FundamentalTheorem.Reduction.AbsorbingCompression (9.5s)
✔ [9674/10083] Built TNLean.MPS.MPDO.FirstSiteBlocking (12s)
✔ [9675/10083] Built TNLean.MPS.MPDO.OperatorFromWordTrace (11s)
✔ [9676/10083] Built TNLean.MPS.MPDO.BondOneOperator (11s)
✔ [9677/10102] Built TNLean.MPS.ParentHamiltonian.Martingale.OpenChain (32s)
✔ [9678/10102] Built TNLean.MPS.Symmetry.Character (12s)
✔ [9679/10102] Built TNLean.MPS.MPDO.SiteOperatorKernel (9.8s)
✔ [9680/10102] Built TNLean.MPS.Symmetry.MPOSymmetry.Defs (12s)
✔ [9681/10102] Built TNLean.MPS.MPDO.BondSimilarity (12s)
✔ [9682/10102] Built TNLean.MPS.Symmetry.CocycleCoboundary (14s)
✔ [9683/10102] Built TNLean.MPS.MPDO.BinaryConfigurationSign (12s)
✔ [9684/10102] Built TNLean.PEPS.GInjective (16s)
⚠ [9685/10102] Built TNLean.MPS.Examples.KramersWannier.KramersWannierTensor (16s)
warning: TNLean/MPS/Examples/KramersWannier/KramersWannierTensor.lean:39:100: This line exceeds the 100 character limit, please shorten it!

Note: This linter can be disabled with `set_option linter.style.longLine false`
warning: TNLean/MPS/Examples/KramersWannier/KramersWannierTensor.lean:42:100: This line exceeds the 100 character limit, please shorten it!

Note: This linter can be disabled with `set_option linter.style.longLine false`
✔ [9686/10102] Built TNLean.MPS.MPDO.FusionIsometries (19s)
✔ [9687/10102] Built TNLean.MPS.MPDO.RepresentativeGroupedLemmaL (19s)
✔ [9688/10102] Built TNLean.MPS.MPDO.BiCFDerivation.Blocking (20s)
✔ [9689/10102] Built QICLean.Algebra.ConstantPowerSums (16s)
✔ [9690/10102] Built TNLean.MPS.ParentHamiltonian.BoundaryMatrixBlock (21s)
✔ [9691/10102] Built TNLean.MPS.Chain.RectangularIntervals (21s)
✔ [9692/10102] Built TNLean.MPS.ParentHamiltonian.BoundaryClosingWitness (22s)
✔ [9693/10102] Built TNLean.MPS.MPDO.BiCFDerivation.Selectors (24s)
✔ [9694/10102] Built TNLean.MPS.ParentHamiltonian.BoundaryStripping (21s)
✔ [9695/10102] Built TNLean.MPS.MPDO.BiCFDerivation.DirectSumInput (24s)
✔ [9696/10102] Built TNLean.MPS.MPDO.Boundary (20s)
✔ [9697/10102] Built TNLean.MPS.Examples.AKLTRotation (19s)
✔ [9698/10102] Built TNLean.MPS.CanonicalForm.CPSVPhysicalReindex (18s)
✔ [9699/10102] Built TNLean.MPS.CanonicalForm.CyclicSectors.CommutingProj (19s)
✔ [9700/10102] Built TNLean.MPS.Core.ReductionUniqueness (21s)
✔ [9701/10102] Built TNLean.MPS.Examples.AKLTPhysicalStringOrder (24s)
✔ [9702/10102] Built TNLean.MPS.MPDO.PhysicalBlocking (15s)
✔ [9703/10102] Built TNLean.MPS.Core.ReductionBlocking (14s)
✔ [9704/10102] Built TNLean.MPS.FundamentalTheorem.Reduction.Identification (15s)
✔ [9705/10102] Built TNLean.Wielandt.RectangularSpan.Universality (14s)
✔ [9706/10103] Built TNLean.MPS.Examples.MultiBlock.JordanBoundary (15s)
✔ [9707/10103] Built QICLean.Analysis.EntropyDecomposition (19s)
✔ [9708/10103] Built TNLean.MPS.MPDO.RFPViaTS (19s)
✔ [9709/10103] Built TNLean.MPS.Examples.MajumdarGhosh (19s)
✔ [9710/10103] Built TNLean.MPS.MPDO.TwistedDimer (20s)
✔ [9711/10103] Built TNLean.MPS.ParentHamiltonian.CyclicSubmoduleIteration (20s)
✔ [9712/10103] Built TNLean.MPS.Examples.WState (19s)
✔ [9713/10103] Built TNLean.MPS.Examples.SpinHalf (21s)
✔ [9714/10103] Built TNLean.MPS.Examples.ProductState (18s)
✔ [9715/10103] Built TNLean.MPS.Symmetry.PhysicalStringEndpoints (19s)
✔ [9716/10103] Built TNLean.MPS.MPDO.CommutingForm (21s)
✔ [9717/10103] Built TNLean.MPS.Examples.GHZQudit (18s)
✔ [9718/10103] Built TNLean.MPS.ParentHamiltonian.BoundaryMatrixIdentities (14s)
✔ [9719/10131] Built QICLean.Channel.FixedPoint.DirectSumKraus (16s)
✔ [9720/10131] Built QICLean.Channel.Irreducible.PerronFrobenius (40s)
✔ [9721/10131] Built TNLean.MPS.Examples.EvenParity (19s)
✔ [9722/10131] Built TNLean.MPS.ParentHamiltonian.SpectatorBoundary (17s)
✔ [9723/10131] Built TNLean.MPS.Symmetry.MPOSymmetry.Similarity (10s)
✔ [9724/10131] Built QICLean.Kraus.MixedMap.SpectralRadius (37s)
✔ [9725/10131] Built TNLean.MPS.MPDO.VerticalBoundaryContraction (23s)
✔ [9726/10162] Built QICLean.Channel.Irreducible.SpectralRadius (41s)
✔ [9727/10162] Built TNLean.MPS.Symmetry.GInjective (10s)
✔ [9728/10162] Built TNLean.MPS.Examples.KramersWannier.KramersWannierPhysical (10s)
✔ [9729/10162] Built TNLean.MPS.Chain (10s)
✔ [9730/10162] Built TNLean.MPS.Symmetry.SPTFixedPoint (12s)
✔ [9731/10162] Built TNLean.MPS.Symmetry.MPDO.Defs (11s)
✔ [9732/10162] Built TNLean.MPS.ParentHamiltonian.BoundaryClosing (12s)
✔ [9733/10162] Built TNLean.MPS.MPDO.BiCFDerivation.DirectSumGroundSpace (12s)
✔ [9734/10162] Built TNLean.MPS.CanonicalForm.CyclicSectors.FixedAdjoint (12s)
✔ [9735/10162] Built TNLean.MPS.MPDO.AlgebraStructure (16s)
✔ [9736/10162] Built QICLean.Kraus.Wielandt.Inequality.EigenvectorSpreading (12s)
✔ [9737/10162] Built TNLean.MPS.MPU.Basic (13s)
✔ [9738/10162] Built TNLean.MPS.Core.ReductionComposition (14s)
✔ [9739/10162] Built TNLean.MPS.Examples.WStatePeriodic (12s)
✔ [9740/10162] Built TNLean.MPS.MPDO.AreaLaw (13s)
✔ [9741/10162] Built TNLean.MPS.Examples.MajumdarGhoshDimer (13s)
✔ [9742/10162] Built TNLean.MPS.Symmetry.MPOSymmetry.Dimension (24s)
✔ [9743/10162] Built TNLean.MPS.Examples.PVBS (12s)
✔ [9744/10162] Built TNLean.MPS.Structure.BlockPermutation (10s)
✔ [9745/10162] Built TNLean.MPS.MPDO.VerticalSectorRetractions (12s)
✔ [9746/10162] Built TNLean.MPS.ParentHamiltonian.BlockIntersectionBoundaryDecomposition (13s)
✔ [9747/10162] Built QICLean.Kraus.Wielandt.RectangularSpan.EventualFullness (12s)
✔ [9748/10162] Built TNLean.MPS.MPDO.TwistedDimerMPDO (17s)
✔ [9749/10162] Built TNLean.MPS.Examples.KitaevChain (11s)
✔ [9750/10162] Built TNLean.MPS.FundamentalTheorem.Reduction.Flag (22s)
✔ [9751/10162] Built TNLean.MPS.MPDO.VerticalMapTransport (10s)
✔ [9752/10162] Built TNLean.MPS.ParentHamiltonian.SpectatorBoundaryGram (17s)
✔ [9753/10162] Built QICLean.Algebra.PositiveSkolemNoether (17s)
✔ [9754/10162] Built TNLean.MPS.FundamentalTheorem.SectorBNT.EqualModulus (17s)
✔ [9755/10162] Built TNLean.MPS.FundamentalTheorem.Reduction.FiniteWordCompression (19s)
✔ [9756/10162] Built TNLean.MPS.Irreducible.FixedPointProjection (19s)
✔ [9757/10162] Built TNLean.MPS.ParentHamiltonian.PeriodicBoundaryReduction (20s)
⚠ [9758/10162] Built TNLean.MPS.Examples.KramersWannier.KramersWannierSource (20s)
warning: TNLean/MPS/Examples/KramersWannier/KramersWannierSource.lean:41:100: This line exceeds the 100 character limit, please shorten it!

Note: This linter can be disabled with `set_option linter.style.longLine false`
✔ [9759/10162] Built TNLean.MPS.FundamentalTheorem.UnitaryGauge (31s)
✔ [9760/10162] Built TNLean.MPS.CanonicalForm.CyclicSectors (21s)
✔ [9761/10163] Built TNLean.MPS.Periodic.CornerTransition (21s)
✔ [9762/10163] Built TNLean.MPS.Periodic.SectorIrreducibility.ProjectionOrtho (20s)
✔ [9763/10163] Built QICLean.Channel.Irreducible.Ergodicity (31s)
✔ [9764/10163] Built QICLean.Channel.Peripheral.IrreducibleChannel (31s)
✔ [9765/10163] Built TNLean.MPS.ParentHamiltonian.BoundaryClosingTraceReconstruction (23s)
✔ [9766/10163] Built TNLean.MPS.CanonicalForm.SectorComparison.CyclicSectorRelation (20s)
✔ [9767/10163] Built TNLean.MPS.MPDO.BNTCoefficients (19s)
✔ [9768/10163] Built TNLean.MPS.MPU.TransferMatrix (15s)
✔ [9769/10163] Built TNLean.MPS.MPU.Simple (12s)
✔ [9770/10163] Built QICLean.Channel.Irreducible.KrausGauge (32s)
✔ [9771/10163] Built TNLean.MPS.MPDO.CZXTensor (22s)
✔ [9772/10163] Built TNLean.MPS.CanonicalForm.ProjectorClosureSpectral (34s)
✔ [9773/10163] Built TNLean.MPS.MPU.Examples.CZXNormalizationAudit (14s)
✔ [9775/10163] Built TNLean.MPS.MPDO.ActionTensorReduction (12s)
✔ [9776/10164] Built TNLean.MPS.MPDO.SimpleLocalInverseMaps (13s)
✔ [9777/10164] Built QICLean.Kraus.MixedMap.Gap (37s)
✔ [9778/10164] Built TNLean.MPS.Examples.PVBSLocalization (11s)
✔ [9779/10164] Built TNLean.MPS.MPDO.CPSVExample412Literal (13s)
✔ [9780/10164] Built TNLean.MPS.FundamentalTheorem.ProductAlgebra (12s)
✔ [9781/10164] Built TNLean.MPS.Examples.MPDOSymmetry.TwistedDimer (11s)
✔ [9782/10164] Built TNLean.MPS.ParentHamiltonian.BlockIntersectionProperty (12s)
✔ [9783/10164] Built TNLean.MPS.Examples.MajumdarGhoshHamiltonian (15s)
✔ [9784/10164] Built TNLean.MPS.ParentHamiltonian.SpectatorBoundaryCoordinates (11s)
✔ [9785/10164] Built TNLean.MPS.FundamentalTheorem.Reduction.IntegralRankOneAction (13s)
✔ [9786/10164] Built TNLean.MPS.MPDO.VerticalSectorCoordinates (12s)
✔ [9788/10164] Built TNLean.MPS.Examples.KramersWannier.KramersWannierSectors (10s)
⚠ [9789/10164] Built TNLean.MPS.Examples.KramersWannier.KramersWannierCircuit (12s)
warning: TNLean/MPS/Examples/KramersWannier/KramersWannierCircuit.lean:22:100: This line exceeds the 100 character limit, please shorten it!

Note: This linter can be disabled with `set_option linter.style.longLine false`
✔ [9790/10164] Built TNLean.MPS.FundamentalTheorem.Reduction.MultiBlock (17s)
✔ [9791/10164] Built TNLean.MPS.Periodic.SectorLift (12s)
✔ [9792/10166] Built TNLean.MPS.Periodic.CornerContraction (12s)
✔ [9793/10166] Built TNLean.MPS.Symmetry.MPOSymmetry.FusionRing (22s)
✔ [9794/10166] Built TNLean.MPS.Periodic.GlobalGauge (12s)
✔ [9795/10166] Built TNLean.MPS.Periodic.SectorIrreducibility.OrbitSum (13s)
✔ [9796/10166] Built TNLean.MPS.ParentHamiltonian.BoundaryClosingStripping (14s)
✔ [9797/10166] Built TNLean.MPS.Irreducible (23s)
✔ [9799/10166] Built TNLean.MPS.MPDO.LengthIndependentCoefficients (14s)
✔ [9800/10168] Built TNLean.MPS.MPDO.BNTTheoremData (15s)
✔ [9802/10172] Built TNLean.MPS.Core.ReductionResidualComposition (16s)
✔ [9822/10187] Built TNLean.MPS.CanonicalForm.TranslationInvariantUniqueness (29s)
✔ [9823/10196] Built TNLean.MPS.Periodic.Overlap.GaugePhase (30s)
✔ [9824/10197] Built TNLean.MPS.FundamentalTheorem.PositiveLinearExtension (19s)
✔ [9825/10200] Built TNLean.MPS.Examples.MPDOSymmetry.IdentityPlusZString (20s)
✔ [9826/10201] Built TNLean.MPS.Symmetry.MPOSymmetry.NIMRep (21s)
✔ [9827/10203] Built TNLean.MPS.FundamentalTheorem.Reduction.WeightedMultiBlock (21s)
✔ [9828/10203] Built TNLean.MPS.FundamentalTheorem.Reduction.SingleBlock (20s)
✔ [9829/10205] Built TNLean.MPS.FundamentalTheorem.Reduction.MultiBlockTrace (21s)
✔ [9830/10205] Built TNLean.MPS.FundamentalTheorem.Reduction.ExplicitGauge (23s)
✔ [9831/10205] Built QICLean.Kraus.Wielandt.Primitivity.VectorSpreadToPrimitive (37s)
✔ [9832/10205] Built TNLean.MPS.ParentHamiltonian.BoundaryClosingAuxiliary (21s)
✔ [9833/10205] Built TNLean.MPS.Periodic.SectorContraction (22s)
✔ [9834/10205] Built TNLean.MPS.Periodic.SectorIrreducibility.HLiftCore (22s)
✔ [9835/10205] Built QICLean.Algebra.OperatorBlock (10s)
✔ [9836/10205] Built QICLean.Kraus.PrimitiveFixedPoint.FromPeripheral (38s)
✔ [9837/10205] Built QICLean.Channel.Irreducible.FromSpectral (41s)
✔ [9838/10205] Built TNLean.MPS.MPDO.MutualInfoMonotone (21s)
✔ [9839/10205] Built QICLean.Analysis.HayashiMarkovStructure (16s)
✔ [9840/10205] Built QICLean.Channel.KoashiImoto.CommonInvariantAlgebra (15s)
✔ [9841/10205] Built QICLean.Channel.MaximallyMixed (12s)
✔ [9842/10205] Built QICLean.Channel.InformationallyCompleteEffects (15s)
✔ [9843/10205] Built TNLean.MPS.MPDO.RescalingStableLengthDependentRFP (26s)
✔ [9844/10205] Built TNLean.MPS.MPU.TransferMultiplicity (41s)
✔ [9845/10205] Built TNLean.MPS.Symmetry.MPOSymmetry.Character (13s)
✔ [9846/10205] Built TNLean.MPS.FundamentalTheorem.Reduction.CompressionPeriodic (10s)
✔ [9847/10205] Built TNLean.MPS.Examples.MultiBlock.RepeatedBlock (10s)
✔ [9848/10208] Built QICLean.Spectral.GaugeConstruction (40s)
✔ [9849/10210] Built QICLean.Spectral.TransferOperatorGapRectNormalized (39s)
✔ [9850/10211] Built TNLean.MPS.FundamentalTheorem.Reduction.AssemblyLemmas (10s)
✔ [9851/10211] Built TNLean.MPS.Examples.Rings.Zsqrt2Ring (10s)
✔ [9852/10211] Built TNLean.MPS.Examples.Rings.EisensteinRing (11s)
✔ [9853/10211] Built TNLean.MPS.Examples.KramersWannier.KramersWannier (12s)
✔ [9854/10211] Built TNLean.MPS.Examples.CZX.CZXTensor (13s)
✔ [9855/10211] Built QICLean.Algebra.OperatorSchmidt (10s)
✔ [9856/10211] Built TNLean.MPS.Examples.MultiBlock.OneSlotGauge (13s)
✔ [9857/10211] Built TNLean.MPS.FundamentalTheorem.Reduction.ProjectorWeightedSum (13s)
✔ [9858/10212] Built TNLean.MPS.Examples.Rings.GoldenRing (15s)
✔ [9859/10212] Built TNLean.MPS.Symmetry.MPOSymmetry.SymmetricBoundary (25s)
✔ [9860/10212] Built TNLean.MPS.ParentHamiltonian.UniqueGroundState (14s)
✔ [9861/10212] Built TNLean.MPS.Periodic.SectorIrreducibility.HLift (14s)
✔ [9862/10212] Built QICLean.Channel.KoashiImoto.FiniteRealization (13s)
✔ [9863/10212] Built QICLean.Channel.KoashiImoto.PooledKrausFamily (13s)
✔ [9864/10212] Built TNLean.MPS.Examples.MPDOSymmetry.BellBond (13s)
✔ [9865/10212] Built QICLean.Analysis.RelativeEntropyResolventIntegral (15s)
✔ [9866/10212] Built QICLean.Analysis.ResolventFunctionalCalculus (16s)
✔ [9867/10212] Built TNLean.MPS.Examples.MultiBlock.GHZSectors (18s)
✔ [9868/10212] Built TNLean.MPS.FundamentalTheorem.Reduction.MultiBlockDirectSum (19s)
✔ [9869/10212] Built TNLean.Wielandt.Primitivity.ImpliesStronglyIrreducibleAux (30s)
✔ [9870/10212] Built TNLean.MPS.Examples.Ising.Zsqrt2OperatorFusion (19s)
✔ [9871/10212] Built TNLean.MPS.Examples.Rings.EisensteinCertificates (19s)
⚠ [9872/10212] Built TNLean.MPS.Examples.Ising.IsingTensors (20s)
warning: TNLean/MPS/Examples/Ising/IsingTensors.lean:114:100: This line exceeds the 100 character limit, please shorten it!

Note: This linter can be disabled with `set_option linter.style.longLine false`
✔ [9873/10212] Built TNLean.MPS.Examples.MultiBlock.ParityGraded (25s)
✔ [9874/10225] Built TNLean.MPS.Examples.CZY.CZYTensor (19s)
✔ [9875/10226] Built TNLean.MPS.Examples.CZX.CZXSquare (18s)
✔ [9876/10226] Built TNLean.MPS.Examples.Rings.GoldenCompression (15s)
✔ [9877/10226] Built TNLean.MPS.Examples.KramersWannier.KramersWannierAction (22s)
✔ [9878/10226] Built TNLean.MPS.Examples.MultiBlock.StackedPairGauge (18s)
✔ [9879/10235] Built QICLean.Channel.MarginalSupportAbsorption (18s)
✔ [9880/10235] Built QICLean.Kraus.PrimitiveFixedPoint.Irreducible (33s)
✔ [9881/10235] Built QICLean.Channel.Semigroup.Primitivity.Basic (34s)
✔ [9882/10235] Built TNLean.MPS.FundamentalTheorem.Reduction.Splitting (19s)
✔ [9883/10235] Built TNLean.MPS.MPDO.BiCFDerivation.DirectSumUniqueness (9.2s)
✔ [9884/10235] Built TNLean.MPS.Periodic.Overlap.SelfOverlapNonrep (35s)
✔ [9885/10235] Built QICLean.Spectral.TransferOperatorGapNormalized (31s)
✔ [9886/10273] Built TNLean.MPS.Examples.GHZParentHamiltonian (8.5s)
✔ [9887/10273] Built TNLean.MPS.ParentHamiltonian.Martingale.OpenHamiltonian (8.9s)
✔ [9888/10273] Built QICLean.Channel.KoashiImoto.SingleWitness (8.4s)
✔ [9889/10273] Built TNLean.MPS.Examples.CZX.CZXPlusIdentity (26s)
✔ [9890/10273] Built TNLean.MPS.Examples.MajumdarGhoshGroundSpace (19s)
✔ [9891/10273] Built TNLean.MPS.Examples.MPDOSymmetry (9.0s)
✔ [9892/10277] Built TNLean.MPS.Examples.MultiBlock.ElementaryStates (10s)
✔ [9893/10277] Built QICLean.Analysis.RelativeEntropySupportIntegral (10s)
✔ [9894/10277] Built TNLean.MPS.Examples.AKLTParentHamiltonian (13s)
✔ [9895/10277] Built TNLean.MPS.Examples.Z3Anomalous.Z3AnomalousTensor (11s)
✔ [9896/10277] Built TNLean.MPS.Examples.Rings (10s)
✔ [9897/10277] Built QICLean.Channel.Schwarz.SupportResolvent (11s)
✔ [9898/10277] Built TNLean.MPS.Examples.MultiBlock.ParityAmplitudes (12s)
✔ [9899/10277] Built TNLean.MPS.Examples.KramersWannier (10s)
✔ [9900/10287] Built TNLean.MPS.Examples.AnomalousCondensation.AnomalousCondensationZ2Z2 (11s)
✔ [9901/10287] Built QICLean.Entropy.ProductMarginals (11s)
✔ [9902/10287] Built QICLean.Algebra.MatrixDependentEntries (6.1s)
✔ [9903/10293] Built QICLean.Channel.PetzRecovery (12s)
✔ [9904/10293] Built TNLean.MPS.Examples.CZX.CZXAnomaly (9.6s)
✔ [9905/10293] Built QICLean.Analysis.EntropyMarkovReverse (12s)
✔ [9906/10293] Built TNLean.MPS.Examples.CZY.CZYSquare (9.7s)
✔ [9907/10293] Built TNLean.MPS.MPDO.EmbedLocalOperatorTwoSite (9.4s)
✔ [9908/10293] Built TNLean.MPS.Examples.PVBSGroundSpace (10s)
✔ [9909/10293] Built TNLean.MPS.ParentHamiltonian.Martingale.FiniteIntervalGapComparison (10s)
✔ [9910/10293] Built TNLean.MPS.Examples.Ising.IsingGauge (23s)
✔ [9911/10293] Built TNLean.MPS.ParentHamiltonian.Martingale.EmbeddedC2 (11s)
✔ [9912/10293] Built QICLean.Channel.KoashiImoto.MeanErgodicProjection (11s)
✔ [9913/10293] Built TNLean.MPS.ParentHamiltonian.Martingale.FixedAmbient (12s)
✔ [9914/10293] Built QICLean.Kraus.PrimitiveFixedPoint (20s)
✔ [9915/10293] Built TNLean.MPS.Examples.MajumdarGhoshLowerBound (11s)
✔ [9916/10293] Built QICLean.Analysis.RelativeEntropySupportLeftRightQuadratic (11s)
✔ [9917/10293] Built TNLean.MPS.Examples.AKLTOpenBoundary (9.7s)
✔ [9918/10293] Built TNLean.MPS.Examples.MultiBlock (6.9s)
✔ [9919/10293] Built QICLean.Algebra.CommutingOverlappingDecomp (13s)
✔ [9920/10294] Built TNLean.Spectral.TransferOperatorGapNT (20s)
✔ [9921/10294] Built QICLean.Channel.Semigroup.Primitivity.Helpers (24s)
✔ [9922/10294] Built TNLean.MPS.Examples.RFP.OneLabelCandidate (27s)
✔ [9923/10294] Built TNLean.MPS.FundamentalTheorem.Reduction.StationarySplitting (21s)
✔ [9924/10294] Built TNLean.MPS.Examples.AKLTPolynomialHamiltonian (14s)
✔ [9925/10340] Built QICLean.Channel.SingleKrausPositivity (8.2s)
✔ [9926/10340] Built QICLean.Algebra.PerronFrobenius.PrimitiveAperiodic (5.5s)
✔ [9927/10340] Built TNLean.MPS.Examples.AnomalousCondensation.AnomalousCondensationZ2Z2Split (7.0s)
✔ [9928/10340] Built QICLean.Channel.Schwarz.SSAEqualityDPI (8.3s)
✔ [9930/10340] Built TNLean.MPS.Examples.AKLTReview (17s)
✔ [9931/10340] Built QICLean.Channel.Schwarz.PetzRecoverySupport (7.9s)
✔ [9932/10340] Built TNLean.MPS.MPDO.SectorTrace (9.6s)
✔ [9933/10340] Built TNLean.MPS.Examples.PVBSPeriodicGroundSpace (8.4s)
✔ [9934/10340] Built TNLean.MPS.Examples.AnomalousCondensation.AnomalousCondensationZ2Z2NonSplit (13s)
✔ [9935/10340] Built TNLean.MPS.Examples.Z3Anomalous.Z3AnomalousFusion (18s)
✔ [9937/10340] Built TNLean.MPS.Examples.Fibonacci.Fibonacci (36s)
✔ [9938/10340] Built TNLean.MPS.Examples.Z3Anomalous.Z3AnomalyTreeData (19s)
✔ [9939/10340] Built TNLean.MPS.Examples.PVBSLocalInteraction (9.8s)
✔ [9940/10340] Built TNLean.MPS.Examples.CZY.CZYReduced (12s)
✔ [9941/10340] Built QICLean.Channel.PetzProductReference (13s)
✔ [9942/10347] Built QICLean.Channel.KoashiImoto.FamilyFixedPointBlockForm (8.0s)
✔ [9943/10347] Built TNLean.MPS.Examples.MajumdarGhoshTotalSpin (9.2s)
✔ [9944/10347] Built QICLean.Channel.Schwarz.SupportRelativeModular (9.3s)
✔ [9945/10347] Built TNLean.MPS.FundamentalTheorem.Reduction.NormalizedCompressionSimilarity (12s)
✔ [9947/10347] Built TNLean.MPS.MPDO.BNTMultiplicityNormalization (15s)
✔ [9948/10347] Built TNLean.MPS.Examples.AKLTOpenPolynomialHamiltonian (16s)
✔ [9949/10347] Built TNLean.MPS.Structure.PrimitiveFixedPoint (22s)
✔ [9950/10347] Built TNLean.MPS.MPDO.ReflectedMarkedChain (15s)
✔ [9951/10347] Built TNLean.MPS.MPDO.SALTraceTransfer (13s)
✔ [9952/10347] Built TNLean.MPS.MPDO.VerticalSectorFixedPointProductSpan (15s)
✔ [9953/10347] Built TNLean.MPS.MPDO.VerticalCoisometry (16s)
✔ [9954/10347] Built TNLean.MPS.MPDO.VerticalSectorFixedGenerators (15s)
✔ [9955/10347] Built TNLean.MPS.Examples.AnomalousCondensation.AnomalousCondensationZ2Z2Defect (14s)
✔ [9956/10347] Built TNLean.MPS.MPDO.VerticalSectorTraceLoss (16s)
✔ [9957/10347] Built TNLean.MPS.Overlap.CastDecay (22s)
✔ [9958/10393] Built TNLean.Spectral.TransferOperatorGapInjective (22s)
✔ [9959/10393] Built QICLean.Channel.Schwarz.PetzEqualityPrerequisites (17s)
✔ [9960/10393] Built QICLean.Channel.Semigroup.Primitivity.SpectralMapping (23s)
✔ [9961/10393] Built TNLean.MPS.Symmetry.StringOrderAux (28s)
✔ [9962/10393] Built TNLean.MPS.Examples.Z3Anomalous.Z3AnomalousInverseFusion (13s)
✔ [9963/10408] Built TNLean.MPS.Examples.PVBSHamiltonian (9.8s)
✔ [9964/10408] Built TNLean.MPS.Examples.Fibonacci.FibonacciVacuum (10s)
✔ [9965/10408] Built TNLean.MPS.Examples.Fibonacci.FibonacciAction (11s)
✔ [9966/10408] Built TNLean.MPS.Examples.Ising.IsingLetterSectorSigmaSigma (34s)
✔ [9967/10408] Built QICLean.Channel.KoashiImoto.NormalizedFamilyBlockForm (10s)
✔ [9968/10408] Built TNLean.MPS.Examples.Ising.IsingLetterSectorOne (34s)
✔ [9969/10408] Built TNLean.MPS.Examples.Ising.IsingLetterSectorPsi (34s)
✔ [9970/10408] Built TNLean.MPS.Examples.Ising.IsingLetterSectorSigmaAbelian (35s)
✔ [9971/10408] Built QICLean.Channel.Schwarz.SupportLeftRightRelativeModular (9.7s)
✔ [9972/10408] Built QICLean.Channel.FixedPoint.TraceNonincreasingProductSpan (10s)
✔ [9973/10408] Built QICLean.Channel.Schwarz.SupportSourceDefect (10s)
✔ [9974/10408] Built TNLean.MPS.MPDO.VerticalSectorDensityBlocks (7.9s)
✔ [9975/10408] Built TNLean.MPS.Examples.Fibonacci.FibonacciUnit (17s)
✔ [9976/10420] Built TNLean.MPS.Examples.AnomalousCondensation.AnomalousCondensationZ2Z2Assembled (9.7s)
✔ [9977/10420] Built TNLean.Wielandt.Primitivity.PrimitiveBridge (15s)
✔ [9978/10420] Built TNLean.MPS.MPDO.BNTAssociativity (9.9s)
✔ [9979/10420] Built TNLean.MPS.MPDO.VerticalSectorAmbientMaps (10s)
✔ [9980/10426] Built TNLean.MPS.MPDO.BNTFusionIsometries (10s)
✔ [9981/10426] Built TNLean.MPS.Examples.AKLTSpinSectors (18s)
✔ [9982/10426] Built TNLean.MPS.SharedInfra.BoundaryDecomposition (10s)
✔ [9983/10426] Built TNLean.MPS.ParentHamiltonian.FNWLimitMap (17s)
✔ [9984/10426] Built TNLean.MPS.Examples.Z3Anomalous.Z3AnomalyTreeUUU (23s)
✔ [9985/10426] Built TNLean.MPS.MPDO.BNTThreeSiteCollapse (13s)
✔ [9986/10426] Built TNLean.MPS.FundamentalTheorem.SectorBNT.Api (20s)
✔ [9987/10426] Built TNLean.MPS.Examples.PVBSCriticalMagnon (12s)
✔ [9988/10426] Built TNLean.MPS.Examples.PVBSEnergyGap (13s)
✔ [9989/10426] Built TNLean.MPS.Core.Correlations (21s)
✔ [9990/10426] Built TNLean.Spectral.PrimitiveOverlap (21s)
✔ [9991/10426] Built QICLean.Channel.ProjectiveResolution (13s)
✔ [9992/10426] Built TNLean.MPS.Examples.Ising.IsingWeightedTwist (12s)
✔ [9993/10478] Built TNLean.MPS.MPDO.BNTCoefficientRescaling (13s)
✔ [9994/10478] Built TNLean.MPS.Examples.Fibonacci.FibonacciAmplitudes (13s)
✔ [9995/10495] Built QICLean.Channel.KoashiImoto.PreservingBlockAction (13s)
✔ [9996/10495] Built TNLean.MPS.Symmetry.EntanglementSpectrum (23s)
✔ [9997/10495] Built QICLean.Channel.Schwarz.SupportRelativeEntropyGap (12s)
✔ [9998/10495] Built QICLean.Channel.Semigroup.Primitivity.IrreducibleAnalysis (23s)
✔ [9999/10495] Built TNLean.MPS.Examples.Fibonacci.FibonacciAnomaly (11s)
✔ [10000/10495] Built QICLean.Channel.FixedPoint.TraceNonincreasingDirectSum (13s)
✔ [10001/10495] Built QICLean.Analysis.PosSemidefCommute (5.9s)
✔ [10002/10495] Built TNLean.MPS.Symmetry.PureTwistedSpectrum (25s)
✔ [10003/10495] Built TNLean.MPS.Examples.Z3Anomalous.Z3AnomalyTreeUDU (37s)
✔ [10004/10495] Built TNLean.MPS.Symmetry.StringOrder (23s)
✔ [10005/10495] Built TNLean.MPS.MPDO.BNTFourfoldFusionIndices (7.9s)
✔ [10006/10495] Built TNLean.MPS.MPDO.BNTRightTripleFusion (8.6s)
✔ [10007/10495] Built TNLean.MPS.Examples.CZY.CZYFusion (42s)
✔ [10008/10495] Built TNLean.MPS.MPDO.BNTLeftTripleFusion (9.8s)
✔ [10009/10495] Built TNLean.MPS.MPDO.BNTFusionCoisometries (9.8s)
✔ [10010/10495] Built QICLean.Algebra.EigenvectorProjection (9.7s)
✔ [10011/10524] Built TNLean.MPS.Examples.PVBSCriticalGap (11s)
✔ [10012/10524] Built TNLean.MPS.Examples.Z3Anomalous.Z3AnomalousDefect (28s)
✔ [10013/10524] Built TNLean.MPS.Examples.PVBSGapAttainment (11s)
✔ [10014/10524] Built QICLean.Algebra.MatrixFamilySupport (11s)
✔ [10015/10524] Built TNLean.MPS.MPDO.BNTTheoremWitness (15s)
✔ [10016/10524] Built TNLean.MPS.MPDO.BiCFDerivation.DiagonalRestrictionCounterexample (17s)
✔ [10017/10524] Built TNLean.MPS.MPDO.LocalOrthogonalSumAreaLaw (17s)
✔ [10018/10532] Built TNLean.MPS.Examples.Ising.IsingSectorAction (19s)
✔ [10019/10532] Built TNLean.MPS.MPDO.CyclicEdgeWeightTensor (15s)
✔ [10020/10532] Built TNLean.MPS.MPDO.BiCFDerivation.PairHomogenization.Span (17s)
✔ [10021/10532] Built TNLean.MPS.MPDO.CompleteZipperFusionDefs (16s)
✔ [10022/10532] Built TNLean.MPS.MPDO.BoundaryTransport (16s)
✔ [10023/10532] Built QICLean.Algebra.PerronFrobenius.Idempotent (14s)
✔ [10024/10532] Built TNLean.MPS.MPDO.BiCFDerivation.PairHomogenization.Algebra (20s)
✔ [10025/10532] Built TNLean.MPS.Symmetry.MPOSymmetry.ZipperUniqueness (17s)
✔ [10026/10532] Built TNLean.MPS.MPDO.SourceZCLMarginal (15s)
✔ [10027/10532] Built QICLean.Channel.Schwarz.SupportRelativeEntropyEquality (13s)
✔ [10028/10532] Built QICLean.Channel.KoashiImoto.JointSupport (15s)
✔ [10029/10532] Built TNLean.MPS.FundamentalTheorem.SectorBNT.WeightEquiv (28s)
✔ [10030/10532] Built TNLean.MPS.Structure.PrimitivityBridge (26s)
✔ [10031/10533] Built TNLean.MPS.RFP.ZeroCorrelationLength (28s)
✔ [10032/10533] Built TNLean.MPS.Core.CorrelationReduction (27s)
✔ [10033/10533] Built TNLean.MPS.Examples.Fibonacci.FibonacciFSymbol (8.2s)
✔ [10034/10533] Built TNLean.MPS.Examples.Fibonacci.FibonacciNIMRepClassification (8.6s)
✔ [10035/10533] Built TNLean.MPS.Examples.AKLTCorrelation (29s)
✔ [10036/10533] Built TNLean.MPS.ParentHamiltonian.FNWTransferDecay (31s)
✔ [10037/10533] Built QICLean.Channel.FixedPoint.DirectSumTraceAdjoint (8.7s)
✔ [10038/10533] Built QICLean.Algebra.PerronFrobenius.SupportStabilization (6.2s)
✔ [10039/10533] Built TNLean.MPS.Examples.CZY (8.2s)
✔ [10040/10546] Built TNLean.MPS.MPDO.BNTTripleFusionComparison (12s)
✔ [10041/10546] Built TNLean.MPS.MPDO.CPSVExamples410411Arithmetic (11s)
✔ [10042/10546] Built TNLean.MPS.MPDO.BNTFinalSectorFusion (14s)
✔ [10043/10546] Built TNLean.MPS.Examples.Z3Anomalous.Z3AnomalousDefectCompression (15s)
✔ [10044/10546] Built TNLean.MPS.MPDO.LPDO (14s)
✔ [10045/10546] Built QICLean.Kraus.Wielandt.Primitivity.StronglyIrreducibleToFullWordSpan (23s)
✔ [10046/10546] Built TNLean.MPS.MPDO.PureAreaLaw (15s)
✔ [10047/10558] Built TNLean.MPS.MPDO.PRFP (14s)
✔ [10048/10558] Built TNLean.MPS.Examples.Fibonacci.FibonacciDimension (21s)
✔ [10049/10558] Built QICLean.Analysis.MatrixFamilySupport (14s)
✔ [10050/10558] Built QICLean.Algebra.MatrixCyclicTracePower (14s)
✔ [10051/10558] Built TNLean.MPS.MPDO.CompleteZipperFusionOfCompression (14s)
✔ [10052/10558] Built TNLean.MPS.MPDO.CPSVExample412FourCycleEntropy (15s)
✔ [10053/10558] Built TNLean.MPS.MPDO.BiCFDerivation.PairHomogenization.BurnsideJacobson (11s)
✔ [10054/10558] Built TNLean.MPS.MPDO.BoundaryClosedness (12s)
✔ [10055/10569] Built TNLean.MPS.MPDO.BoundaryRepresentation (12s)
✔ [10056/10569] Built TNLean.MPS.MPDO.BoundaryZipper (15s)
✔ [10057/10569] Built QICLean.Channel.Schwarz.WeylSupportRelativeEntropyEquality (8.8s)
✔ [10058/10569] Built TNLean.MPS.Examples.AKLTStringOrder (23s)
✔ [10059/10569] Built TNLean.MPS.MPDO.CompleteZipperFusionSupport (18s)
✔ [10060/10569] Built TNLean.MPS.Examples.Cluster (31s)
✔ [10061/10569] Built QICLean.Algebra.OverlappingLiftAlgebra (13s)
✔ [10062/10569] Built TNLean.MPS.Examples.Fibonacci.FibonacciNIMRepDecomposition (13s)
✔ [10063/10569] Built QICLean.Channel.FixedPoint.DirectSumInverseKraus (15s)
✔ [10064/10569] Built TNLean.MPS.MPU.SourceCuts (14s)
✔ [10065/10569] Built TNLean.MPS.FundamentalTheorem.SectorBNT.CopyWeightMatching (21s)
✔ [10066/10569] Built TNLean.MPS.MPDO.CZXGHZAction (16s)
✔ [10067/10572] Built TNLean.MPS.MPDO.PureRFPSAL (15s)
✔ [10068/10572] Built TNLean.MPS.MPDO.LocalPurificationRFP (15s)
✔ [10069/10572] Built TNLean.MPS.MPDO.CZXDefectMaps (14s)
✔ [10070/10572] Built TNLean.MPS.MPDO.CZXDaggerGauge (18s)
✔ [10071/10572] Built TNLean.MPS.Overlap.PeripheralToTransferMapGap (23s)
✔ [10072/10572] Built QICLean.Algebra.CompactSVD (16s)
✔ [10073/10581] Built TNLean.MPS.MPDO.PureRecovery (23s)
✔ [10074/10581] Built TNLean.MPS.MPDO.CPSVExample410CorrelatedFlip (19s)
✔ [10075/10581] Built TNLean.MPS.MPDO.EmbedLocalOperatorMonomial (10s)
✔ [10076/10582] Built QICLean.Algebra.MatrixRankKronecker (6.5s)
✔ [10077/10582] Built TNLean.MPS.MPDO.BiCFDerivation.PairHomogenization (8.2s)
✔ [10078/10582] Built TNLean.MPS.Preparation.WindowCorrelator (25s)
✔ [10079/10582] Built TNLean.MPS.MPDO.BoundaryRepresentationClosedness (8.2s)
✔ [10080/10582] Built TNLean.MPS.MPDO.CPSVExample411BinarySupport (11s)
✔ [10081/10582] Built QICLean.Channel.WolfTheorem68 (23s)
✔ [10082/10582] Built TNLean.MPS.Symmetry.PhysicalStringAsymptotics (26s)
✔ [10083/10593] Built TNLean.MPS.MPDO.CZXTensorInjectivity (8.5s)
✔ [10084/10593] Built QICLean.Channel.Schwarz.WeylSupportPetzRecovery (8.3s)
✔ [10085/10593] Built TNLean.MPS.RFP.BNTOrthogonality (27s)
✔ [10086/10593] Built TNLean.MPS.Examples.Fibonacci.FibonacciBoundary (16s)
✔ [10087/10593] Built TNLean.MPS.MPDO.CompleteZipperFusion (9.1s)
✔ [10088/10593] Built TNLean.MPS.ParentHamiltonian.FNWBoundaryEstimate (30s)
✔ [10089/10593] Built QICLean.Channel.FixedPoint.DirectSumBlockPermutation (10s)
✔ [10090/10593] Built QICLean.Entropy.MutualInformationBasic (9.8s)
✔ [10091/10593] Built TNLean.MPS.MPDO.CZXActionTensors (12s)
✔ [10092/10593] Built TNLean.MPS.MPDO.CompleteZipperFusionCoproduct (11s)
✔ [10093/10593] Built QICLean.Algebra.MatrixRankBaseChange (9.4s)
✔ [10094/10593] Built TNLean.MPS.MPU.SourceFactors (12s)
✔ [10095/10593] Built TNLean.MPS.MPDO.CPSVExample410Operator (14s)
✔ [10096/10593] Built TNLean.MPS.MPDO.Correlations (12s)
✔ [10097/10593] Built TNLean.MPS.MPDO.BoundaryBiorthogonal (12s)
✔ [10098/10593] Built TNLean.MPS.MPU.TensorProduct (13s)
✔ [10099/10601] Built TNLean.MPS.Examples.SPTEntanglementSpectrum (20s)
✔ [10100/10601] Built TNLean.MPS.Examples.ZeroCorrelationExamples (21s)
✔ [10101/10601] Built TNLean.MPS.Examples.ClusterSPTFixedPoint (22s)
✔ [10102/10601] Built QICLean.Entropy.ClassicalMutualInformation (11s)
✔ [10103/10601] Built TNLean.MPS.Examples.ClusterParentHamiltonian (24s)
✔ [10104/10601] Built TNLean.MPS.MPDO.FibonacciBoundaryRank (13s)
✔ [10105/10601] Built TNLean.MPS.MPDO.StrongRFP (12s)
✔ [10106/10601] Built TNLean.MPS.MPDO.FiniteLengthIndependentCoefficients (12s)
✔ [10107/10601] Built TNLean.PiAlgebra.CanonicalFormSepAux (26s)
✔ [10108/10601] Built TNLean.MPS.SharedInfra.GaugePhase (27s)
✔ [10109/10601] Built TNLean.MPS.MPDO.CompleteZipperFusionInverse (13s)
✔ [10110/10601] Built QICLean.Channel.Schwarz.SSAEqualityPetzRecovery (14s)
✔ [10111/10601] Built QICLean.Entropy.MutualInformation (14s)
✔ [10112/10601] Built TNLean.MPS.MPDO.AlgebraFusionCounterexample (29s)
✔ [10113/10601] Built TNLean.MPS.MPU.SourceFactorContraction (12s)
✔ [10114/10601] Built TNLean.MPS.MPDO.CompleteZipperFusionCoassoc (14s)
✔ [10115/10601] Built TNLean.Wielandt.Primitivity.StronglyIrreducibleToFullRank (27s)
✔ [10116/10601] Built TNLean.MPS.MPU.SourceUV (13s)
✔ [10117/10601] Built TNLean.MPS.MPDO.MatrixUnitRegister (6.9s)
✔ [10118/10601] Built QICLean.Channel.QuantumWielandt (28s)
✔ [10119/10601] Built TNLean.MPS.MPDO.BoundaryRestriction (9.0s)
✔ [10120/10602] Built TNLean.MPS.Symmetry.PhysicalStringSelectionRule (25s)
✔ [10121/10602] Built QICLean.Algebra.PerronFrobenius.Substochastic (9.5s)
✔ [10122/10602] Built TNLean.MPS.MPDO.DiagonalCutRank (8.1s)
✔ [10123/10602] Built TNLean.MPS.Symmetry.PeriodicPhysicalString (30s)
✔ [10124/10602] Built TNLean.MPS.Examples.GHZCluster (23s)
✔ [10125/10602] Built TNLean.MPS.MPDO.KatoDeformedRFPObstruction (13s)
✔ [10126/10602] Built TNLean.MPS.ParentHamiltonian.FNWLowerBoundary (25s)
✔ [10127/10602] Built TNLean.MPS.MPDO.CompleteZipperFusionGauge (11s)
✔ [10128/10602] Built TNLean.MPS.MPDO.CompleteZipperFusionFourfold (11s)
✔ [10129/10602] Built QICLean.Channel.KoashiImoto.InvariantConditionalFamily (11s)
✔ [10130/10605] Built TNLean.MPS.MPDO.CPSVExample410Spectrum (23s)
✔ [10131/10605] Built TNLean.MPS.MPDO.MutualInfoBridge (11s)
✔ [10132/10605] Built QICLean.Entropy.MutualInformationDataProcessing (12s)
✔ [10133/10605] Built TNLean.MPS.MPDO.BoundaryBlockFusion (10s)
✔ [10134/10605] Built TNLean.MPS.MPDO.CZXSourceFactors (29s)
✔ [10135/10605] Built QICLean.Algebra.PerronFrobenius.PerronVector (9.7s)
✔ [10136/10605] Built TNLean.MPS.Examples.ClusterSourceGroundState (19s)
✔ [10137/10605] Built QICLean.Analysis.IsometricCompression (10s)
✔ [10138/10606] Built TNLean.MPS.MPU.StandardForm (13s)
✔ [10139/10606] Built TNLean.MPS.Examples.ClusterReview (21s)
✔ [10140/10606] Built TNLean.MPS.BNT.Separation (18s)
✔ [10141/10650] Built TNLean.MPS.FundamentalTheorem.SectorBNT.MatchAux (19s)
✔ [10142/10650] Built TNLean.MPS.CanonicalForm.NormalReduction.Main (21s)
✔ [10143/10650] Built TNLean.MPS.MPDO.DiagonalFiniteChain (8.0s)
✔ [10144/10650] Built TNLean.MPS.FundamentalTheorem.Proportional (20s)
✔ [10145/10650] Built TNLean.MPS.CanonicalForm.Existence (18s)
✔ [10146/10650] Built TNLean.Wielandt.Primitivity.Equivalence (18s)
✔ [10147/10650] Built QICLean.Channel.KoashiImoto.InvariantConditionalBlockForm (12s)
✔ [10148/10650] Built QICLean.Analysis.SupportLogJensen (11s)
✔ [10149/10650] Built TNLean.MPS.MPDO.CompleteZipperFusionPentagon (13s)
✔ [10150/10650] Built TNLean.MPS.MPDO.BoundaryBlockAction (11s)
✔ [10151/10650] Built TNLean.MPS.MPDO.LocalPurificationAreaLaw (12s)
✔ [10152/10650] Built TNLean.MPS.MPDO.CPSVExample410Entropy (13s)
✔ [10153/10650] Built TNLean.MPS.MPDO.CZXComparisonNormalization (12s)
✔ [10154/10651] Built TNLean.MPS.Symmetry.PhysicalStringPhase (20s)
✔ [10155/10651] Built TNLean.MPS.MPU.StaircaseGates (12s)
✔ [10156/10651] Built QICLean.Channel.SupportedMarginalChannel (12s)
✔ [10157/10651] Built QICLean.Channel.SingleKraus (10s)
✔ [10158/10651] Built TNLean.MPS.MPDO.NormalizedMPOProportionality (11s)
✔ [10159/10651] Built TNLean.MPS.MPDO.PhysicalBlockingResiduals (10s)
✔ [10160/10651] Built TNLean.MPS.Symmetry.PeriodicFullRingString (21s)
✔ [10161/10651] Built TNLean.MPS.ParentHamiltonian.FNWOverlapCoordinates (23s)
✔ [10162/10651] Built TNLean.MPS.MPDO.PureRFPBridge (13s)
✔ [10163/10651] Built TNLean.MPS.MPDO.RescalingStableChiAttachment (12s)
✔ [10164/10651] Built TNLean.MPS.Periodic.Applications (12s)
✔ [10165/10651] Built TNLean.MPS.ParentHamiltonian.Commuting (13s)
✔ [10166/10687] Built TNLean.MPS.ParentHamiltonian.MatrixRepresentation (13s)
✔ [10167/10687] Built TNLean.MPS.ParentHamiltonian.LocalSupport (13s)
✔ [10168/10696] Built QICLean.Channel.Peripheral.UnitalKraus (24s)
✔ [10169/10696] Built TNLean.MPS.CanonicalForm.PhaseCover (25s)
✔ [10170/10696] Built TNLean.MPS.FundamentalTheorem.SectorBNT.ProportionalMatch.Core (25s)
✔ [10171/10696] Built QICLean.Analysis.SandwichedRenyiTwo (13s)
✔ [10172/10696] Built QICLean.Channel.KoashiImoto.MarkovBipartiteBlockForm (16s)
✔ [10173/10696] Built QICLean.Channel.PartialTranspose (10s)
✔ [10174/10696] Built TNLean.MPS.MPDO.RescalingStableChiUniformity (10s)
✔ [10175/10696] Built TNLean.MPS.Examples.ClusterPhysicalStringOrder (33s)
✔ [10176/10696] Built TNLean.MPS.RFP.BeigiGroundSpaceDimension (10s)
✔ [10177/10696] Built TNLean.Wielandt.Inequality.NonzeroTraceWord (21s)
✔ [10178/10696] Built TNLean.Wielandt.Inequality.MatrixSpanSharpBound (21s)
✔ [10179/10834] Built TNLean.MPS.BNT.Construction (24s)
✔ [10180/10834] Built TNLean.MPS.BNT.PermutationRigidityPrimitive (25s)
✔ [10181/10834] Built TNLean.Spectral.QuantitativeGap (26s)
✔ [10182/10834] Built QICLean.Channel.PositiveExamples (12s)
✔ [10183/10834] Built TNLean.MPS.Examples.GHZClusterAction (44s)
✔ [10184/10834] Built TNLean.MPS.MPDO.ThermodynamicLimitCounterexample (11s)
✔ [10185/10834] Built TNLean.MPS.MPDO.TwistedDimerCoefficients (9.8s)
✔ [10186/10834] Built TNLean.MPS.MPDO.RescalingStableLengthDependentRFPViaTS (13s)
✔ [10187/10834] Built QICLean.Channel.Schwarz.ChoiCompression (16s)
✔ [10188/10834] Built TNLean.MPS.MPDO.CZXMovementCoordinates (18s)
✔ [10189/10834] Built TNLean.MPS.CanonicalForm.NormalReduction.TPGauge (28s)
✔ [10190/10834] Built TNLean.MPS.MPU.BalancedGramMetrics (8.1s)
✔ [10191/10834] Built TNLean.MPS.MPU.AffineGramTransfer (8.6s)
✔ [10192/10834] Built TNLean.MPS.ParentHamiltonian.FNWOverlapEstimate (21s)
✔ [10193/10834] Built TNLean.MPS.MPDO.VerticalSectorImagePreservation (9.6s)
✔ [10194/10834] Built TNLean.MPS.MPU.BondRegisterBounds (5.4s)
✔ [10195/10834] Built TNLean.MPS.MPU.AffineGramCompactness (8.9s)
✔ [10196/10834] Built TNLean.MPS.MPDO.TwistedDimerRefine (11s)
✔ [10197/10834] Built QICLean.Analysis.HermitianMatrixCone (14s)
✔ [10198/10834] Built QICLean.Analysis.SupportCompressedEntropy (12s)
✔ [10199/10834] Built TNLean.MPS.Preparation.MinimalCutRepresentationCuts (12s)
✔ [10200/10834] Built TNLean.MPS.Examples.StringOrderScalarPhase (37s)
✔ [10201/10834] Built TNLean.MPS.MPDO.TwistedDimerUnitaryFactorization (26s)
✔ [10202/10834] Built QICLean.Analysis.CStarMatrixKronecker (14s)
✔ [10203/10834] Built TNLean.MPS.MPU.RegisterLayout (14s)
✔ [10204/10834] Built QICLean.Channel.KoashiImoto.AmbientMarkovBipartiteBlockForm (17s)
✔ [10205/10834] Built TNLean.MPS.MPU.BalancedIntervalTree (6.1s)
✔ [10206/10834] Built TNLean.MPS.Preparation.MinimalCutRepresentationPadding (13s)
✔ [10207/10834] Built TNLean.MPS.MPU.SourceVIsometry (15s)
✔ [10208/10834] Built TNLean.MPS.MPU.IntervalChildComposition (16s)
✔ [10209/10834] Built TNLean.MPS.Preparation.IsometricChain (15s)
✔ [10210/10834] Built TNLean.MPS.FundamentalTheorem.SectorBNT.ExactMatch (23s)
✔ [10211/10834] Built TNLean.MPS.MPU.ExactUniformMerging (8.2s)
✔ [10212/10834] Built TNLean.MPS.FundamentalTheorem.SectorBNT.StrongMatch (24s)
✔ [10213/10834] Built TNLean.MPS.MPDO.GroupedReferenceCorner (25s)
✔ [10214/10834] Built TNLean.MPS.MPU.ConstantBranchingBounds (6.2s)
✔ [10215/10834] Built TNLean.MPS.FundamentalTheorem.SectorBNT.CoeffIdentity (26s)
✔ [10216/10834] Built TNLean.MPS.MPDO.NormalizedGroupedSectorMaps (27s)
✔ [10217/10834] Built TNLean.MPS.MPU.SupportedAmplification (10s)
✔ [10218/10834] Built TNLean.Wielandt.Inequality.Bounds (26s)
✔ [10219/10834] Built TNLean.MPS.MPU.ExactCleanAmplificationCircuit (10s)
✔ [10220/10841] Built TNLean.MPS.Examples.PeriodicStringExamples (26s)
✔ [10221/10841] Built TNLean.MPS.MPU.SingleSiteCircuit (10s)
✔ [10222/10841] Built QICLean.Channel.WeightedHilbertSchmidt (31s)
✔ [10223/10841] Built TNLean.MPS.MPU.CompositionFlattening (9.9s)
✔ [10224/10841] Built TNLean.MPS.MPU.BlockingRanks (10s)
✔ [10225/10841] Built TNLean.MPS.MPU.RectangularSourceRanks (10s)
✔ [10226/10841] Built TNLean.MPS.MPU.VirtualSandwich (10s)
✔ [10227/10841] Built TNLean.MPS.MPU.Examples.ShiftPaperSourceFactors (9.0s)
✔ [10228/10841] Built TNLean.MPS.MPU.SourceFactorsTensorProduct (9.6s)
✔ [10229/10841] Built TNLean.MPS.MPU.FiniteAlphabetRows (7.3s)
✔ [10230/10841] Built TNLean.MPS.CanonicalForm.PhaseClassSectorData (21s)
✔ [10231/10841] Built TNLean.MPS.MPU.Examples.ShiftSymmetryPaths (9.0s)
✔ [10232/10841] Built TNLean.MPS.MPU.Examples.SwapPath (8.9s)
✔ [10233/10841] Built QICLean.Channel.NPositivityChainStrict (12s)
✔ [10234/10841] Built TNLean.MPS.MPU.BalancedSourceConditioning (13s)
✔ [10235/10898] Built TNLean.MPS.MPU.AmplifiedRecursionBounds (13s)
✔ [10236/10898] Built TNLean.MPS.Preparation.MinimalCutRepresentationBases (12s)
✔ [10237/10898] Built TNLean.MPS.MPU.PhysicalCutConfigurations (12s)
✔ [10238/10898] Built TNLean.MPS.MPU.AffineGramHull (14s)
✔ [10239/10898] Built TNLean.MPS.MPU.BalancedGramContraction (15s)
✔ [10240/10906] Built TNLean.MPS.MPU.BalancedGramOptimality (15s)
✔ [10241/10906] Built TNLean.MPS.MPU.DeterminantStationarity (15s)
✔ [10242/10906] Built TNLean.QCA.LocalAlgebra (17s)
✔ [10243/10906] Built TNLean.MPS.MPU.LeafIntervalCircuit (18s)
✔ [10244/10906] Built TNLean.MPS.MPU.IntervalRegisterLayout (17s)
✔ [10245/10906] Built TNLean.MPS.MPU.SupportedChildColumns (18s)
✔ [10246/10906] Built QICLean.Algebra.EqualRangeRightFactor (11s)
✔ [10247/10906] Built QICLean.Channel.KoashiImoto.MarkovDilation.Basic (20s)
✔ [10248/10906] Built TNLean.MPS.RFP.StructuralForm (29s)
✔ [10249/10906] Built TNLean.MPS.MPU.SuccessAttenuationCircuit (14s)
✔ [10250/10906] Built TNLean.MPS.MPU.TreeAmplificationGateBounds (11s)
✔ [10251/10906] Built TNLean.MPS.Preparation.Staircase (17s)
✔ [10252/10906] Built TNLean.MPS.MPU.SourceIndexValue (13s)
✔ [10253/10906] Built QICLean.Channel.ReductionCriterion (13s)
✔ [10254/10906] Built TNLean.MPS.CanonicalForm.SectorComparison.TPPrimitiveReduction (30s)
✔ [10255/10906] Built QICLean.Algebra.MatrixRankClosed (11s)
✔ [10256/10906] Built TNLean.MPS.CanonicalForm.NormalReduction.WeightNormalization (30s)
✔ [10257/10906] Built TNLean.MPS.MPU.SourcePeriodicSewing (9.9s)
✔ [10258/10906] Built TNLean.MPS.Examples.PeriodicFullRingPhase (29s)
✔ [10259/10906] Built TNLean.MPS.ParentHamiltonian.FNWAggregateOrthogonality (32s)
✔ [10260/10906] Built TNLean.MPS.MPU.TruncatedSymmetryGrowth (10s)
✔ [10261/10906] Built TNLean.MPS.MPU.OrthogonalIsometrySwap (8.6s)
✔ [10262/10906] Built TNLean.MPS.MPU.SourceDecompositionUniqueness (10s)
✔ [10263/10906] Built TNLean.MPS.MPU.ParityConditioning (8.8s)
✔ [10264/10938] Built TNLean.MPS.MPU.PolynomialOverheadBounds (7.5s)
✔ [10265/10938] Built TNLean.MPS.MPU.TreeDepthBounds (7.3s)
✔ [10266/10938] Built TNLean.MPS.MPU.SchmidtSpanCuts (9.7s)
✔ [10267/10938] Built TNLean.MPS.FundamentalTheorem.SectorBNT.ProportionalMatch (24s)
✔ [10268/10938] Built TNLean.MPS.MPU.ProjectionPhaseIsometries (10s)
✔ [10269/10948] Built TNLean.MPS.MPDO.TwistedDimerViaTS (37s)
✔ [10270/10948] Built TNLean.MPS.MPU.PauliControlObstruction (13s)
✔ [10271/10948] Built TNLean.MPS.MPU.TwoSectorMerging (9.4s)
✔ [10272/10948] Built QICLean.Channel.WhitenedChoi (26s)
✔ [10273/10948] Built TNLean.MPS.MPU.VirtualSourceFactorTransport (13s)
✔ [10274/10948] Built TNLean.MPS.MPU.TimeReversalTraceGauge (13s)
✔ [10275/10948] Built TNLean.MPS.MPU.TwoKrausPolar (12s)
✔ [10276/10948] Built TNLean.MPS.Overlap.AsymptoticDecomposition (10s)
✔ [10277/10948] Built TNLean.MPS.Preparation.InjectivityCutoff (10s)
✔ [10278/10948] Built TNLean.MPS.MPU.TruncationCommutator (14s)
✔ [10279/10948] Built TNLean.MPS.Preparation.BlockSites (11s)
✔ [10280/10948] Built TNLean.MPS.MPU.EndpointGramNormalization (10s)
✔ [10281/10948] Built TNLean.MPS.Preparation.MinimalCutRepresentation (11s)
✔ [10282/10948] Built TNLean.MPS.Preparation.FixedPointPairState (12s)
✔ [10283/10948] Built TNLean.MPS.Preparation.MatrixPolar (12s)
✔ [10284/10948] Built TNLean.MPS.MPU.PrefixGramNormalizer (11s)
✔ [10285/10948] Built TNLean.MPS.MPU.BalancedIntervalMerging (13s)
✔ [10286/10948] Built TNLean.MPS.MPU.AffineGramBalancing (12s)
✔ [10287/10948] Built TNLean.MPS.MPU.IntervalInitializationBounds (12s)
✔ [10288/10948] Built TNLean.MPS.MPU.JoiningRegisterCoordinates (13s)
✔ [10289/10948] Built TNLean.QCA.LocalLimit (15s)
✔ [10290/10948] Built QICLean.Analysis.TwoProjectionReducedProjection (13s)
✔ [10291/10948] Built QICLean.Channel.TripartiteDecorrelation (17s)
✔ [10292/10948] Built TNLean.MPS.MPU.UniformCircuitResourceBounds (13s)
✔ [10293/11019] Built QICLean.Channel.KoashiImoto.MarkovDilation.SectorAction (15s)
✔ [10294/11019] Built TNLean.MPS.Preparation.BlockUnitary (14s)
✔ [10295/11019] Built QICLean.Channel.Separable (13s)
✔ [10296/11019] Built TNLean.MPS.MPU.NormalizedSourceDecompositionUniqueness (12s)
✔ [10297/11022] Built QICLean.Channel.Peripheral.JordanBlocks (14s)
✔ [10298/11022] Built QICLean.Channel.KoashiImoto.MarkovDilation.AmbientBlockAction (20s)
✔ [10299/11022] Built TNLean.MPS.MPU.SimpleTensorProduct (19s)
✔ [10300/11022] Built TNLean.MPS.ParentHamiltonian.BlockSumGroundSpace (13s)
✔ [10301/11022] Built TNLean.MPS.MPU.SpinOneSchmidtObstruction (36s)
✔ [10302/11022] Built TNLean.MPS.ParentHamiltonian.PGVWCCDEIdentities (14s)
✔ [10303/11022] Built TNLean.MPS.ParentHamiltonian.BlockSubspaceOverlap (13s)
✔ [10304/11022] Built TNLean.MPS.ParentHamiltonian.SpectatorOverlap (16s)
✔ [10305/11022] Built TNLean.MPS.ParentHamiltonian.GroundSpaceMapContinuity (19s)
✔ [10306/11022] Built QICLean.Channel.FixedPoint.LimitingGramMetric (15s)
✔ [10307/11022] Built TNLean.MPS.ParentHamiltonian.CyclicBoundaryIntertwining (15s)
✔ [10308/11022] Built TNLean.MPS.CanonicalForm.NormalReduction (27s)
✔ [10309/11022] Built TNLean.MPS.ParentHamiltonian.BlockWordSpanPropagation (14s)
✔ [10310/11022] Built TNLean.MPS.MPU.MinimalPhysicalCuts (11s)
✔ [10311/11022] Built TNLean.MPS.CanonicalForm.SectorComparison.NormalityChain (29s)
✔ [10312/11022] Built TNLean.MPS.MPU.NormalizedBondDilation (12s)
✔ [10313/11022] Built TNLean.MPS.MPU.JoiningPacketSupport (10s)
✔ [10314/11022] Built TNLean.MPS.Preparation.BlockedPolar (13s)
✔ [10315/11022] Built TNLean.MPS.MPU.AffineIntervalIsometry (12s)
✔ [10316/11022] Built TNLean.MPS.MPU.FiniteChainConjugation (11s)
✔ [10317/11022] Built TNLean.MPS.ParentHamiltonian.MixedBoundaryGram (22s)
✔ [10318/11022] Built QICLean.Analysis.MatrixReducedProjection (10s)
✔ [10319/11022] Built TNLean.MPS.Preparation.PolarUniqueness (9.5s)
✔ [10320/11022] Built TNLean.MPS.RFP.StructuralFull (37s)
✔ [10321/11227] Built QICLean.Analysis.WeightedPositiveKernel (9.3s)
✔ [10322/11227] Built TNLean.MPS.ParentHamiltonian.FNWDimensionConstant.CoefficientComparison (5.9s)
✔ [10323/11227] Built TNLean.MPS.ParentHamiltonian.Decorrelation (6.5s)
✔ [10324/11227] Built TNLean.MPS.FundamentalTheorem.SectorBNT.Fundamental (25s)
✔ [10325/11227] Built TNLean.MPS.ParentHamiltonian.GramConvergence (27s)
✔ [10326/11227] Built TNLean.MPS.ParentHamiltonian.BoundaryBlockMatEq (9.7s)
✔ [10327/11227] Built TNLean.MPS.ParentHamiltonian.BoundaryClosingCoordinate (9.7s)
✔ [10328/11227] Built TNLean.MPS.ParentHamiltonian.FNWProjectorDefect (36s)
✔ [10329/11227] Built QICLean.Channel.FaithfulMarginalWhitenedChoi (25s)
✔ [10330/11227] Built TNLean.MPS.ParentHamiltonian.Martingale.GroupedProjections (10s)
✔ [10331/11227] Built TNLean.MPS.ParentHamiltonian.FNWDimensionConstant.ProjectionWitnessBound (8.9s)
✔ [10332/11227] Built TNLean.MPS.ParentHamiltonian.FNWDimensionConstant.MarkedBoundaryVectors (9.5s)
✔ [10333/11227] Built TNLean.MPS.ParentHamiltonian.BlockedGroundSpaceTransport (14s)
✔ [10334/11227] Built TNLean.MPS.ParentHamiltonian.FNWDimensionConstant.MatrixUnitPaths (11s)
✔ [10335/11227] Built TNLean.MPS.ParentHamiltonian.PhysicalEmbedding (13s)
✔ [10336/11227] Built TNLean.MPS.ParentHamiltonian.LocalSupportTransport (11s)
✔ [10337/11227] Built TNLean.MPS.ParentHamiltonian.Martingale.OverlapReduction (11s)
✔ [10338/11227] Built QICLean.Analysis.WeylMonotonicity (12s)
✔ [10339/11227] Built TNLean.MPS.ParentHamiltonian.BlockOpenGroundSpace (13s)
✔ [10340/11227] Built TNLean.MPS.ParentHamiltonian.HalfChainSchmidt (15s)
✔ [10341/11227] Built QICLean.Channel.KoashiImoto.MarkovDilationBlockForm (16s)
✔ [10342/11227] Built TNLean.MPS.ParentHamiltonian.BlockDiagonalChainGroundSpace (14s)
✔ [10343/11227] Built TNLean.MPS.ParentHamiltonian.BlockSumIntervalSpaces (14s)
✔ [10344/11242] Built TNLean.MPS.ParentHamiltonian.FNWDimensionConstant.MarkovMatrix (20s)
✔ [10345/11242] Built TNLean.MPS.MPU.EndpointBondEncoding (13s)
✔ [10346/11242] Built TNLean.MPS.MPU.PeriodicOperatorCutRank (14s)
✔ [10347/11242] Built TNLean.MPS.ParentHamiltonian.OpenGapContinuity (16s)
✔ [10348/11242] Built TNLean.MPS.ParentHamiltonian.MixedGram (17s)
✔ [10349/11242] Built TNLean.MPS.MPU.CompatibleBondDilationCircuit (12s)
✔ [10350/11242] Built TNLean.MPS.MPU.BondDilationCircuit (13s)
✔ [10351/11242] Built TNLean.MPS.MPU.IntervalMergingSupport (12s)
✔ [10352/11242] Built TNLean.MPS.ParentHamiltonian.BlockProjectorSum (19s)
✔ [10353/11242] Built TNLean.MPS.MPU.BalancedIntervalDilation (15s)
✔ [10354/11242] Built TNLean.MPS.ParentHamiltonian.FNWTransferEigenvalueRate (26s)
✔ [10355/11242] Built TNLean.MPS.MPU.PrefixGramReindex (11s)
✔ [10356/11242] Built TNLean.MPS.MPU.AffineFactorizationIsometry (11s)
✔ [10357/11242] Built TNLean.MPS.MPU.AnchoredResidualCoordinates (12s)
✔ [10358/11242] Built TNLean.MPS.MPU.ReducedToHatTransport (13s)
✔ [10359/11242] Built TNLean.MPS.Preparation.SupportedPolar (15s)
✔ [10360/11242] Built QICLean.Channel.Schwarz.Closure (15s)
✔ [10361/11242] Built TNLean.MPS.ParentHamiltonian.LeftPolar (15s)
✔ [10362/11242] Built TNLean.MPS.Periodic.ZGauge (10s)
✔ [10363/11242] Built TNLean.MPS.ParentHamiltonian.Martingale.AdjacentLocalTerms (15s)
✔ [10364/11242] Built TNLean.MPS.MPU.ReducedRepresentative (17s)
✔ [10365/11242] Built TNLean.MPS.CanonicalForm.SectorComparison.PrimitiveBlocks (30s)
✔ [10366/11242] Built TNLean.MPS.ParentHamiltonian.SingletChain (15s)
✔ [10367/11242] Built TNLean.MPS.ParentHamiltonian.UncleVirtualRescaling (14s)
✔ [10368/11242] Built TNLean.MPS.ParentHamiltonian.Martingale.Reduction (17s)
✔ [10369/11242] Built TNLean.MPS.CanonicalForm.NormalTensorGauge (32s)
✔ [10370/11242] Built TNLean.MPS.ParentHamiltonian.Martingale.PositiveComparisonGap (13s)
✔ [10371/11242] Built TNLean.MPS.Periodic.StepOrbitSectors (15s)
✔ [10372/11242] Built TNLean.MPS.ParentHamiltonian.TripartiteDecorrelation (16s)
✔ [10373/11242] Built TNLean.MPS.Periodic.SectorPhaseWord (11s)
✔ [10374/11242] Built TNLean.MPS.ParentHamiltonian.Martingale.NachtergaeleLowerEndpoint (19s)
✔ [10375/11242] Built TNLean.MPS.ParentHamiltonian.Martingale.OverlappingIntervalGap (19s)
✔ [10376/11242] Built TNLean.MPS.SharedInfra.BlockIsometryAssembly (11s)
✔ [10377/11242] Built TNLean.MPS.RFP.AppendixBStructuralData (27s)
✔ [10378/11242] Built TNLean.MPS.Preparation.RemainderBlocks (9.6s)
✔ [10379/11242] Built TNLean.MPS.Periodic.Overlap.Spanning (13s)
✔ [10380/11242] Built TNLean.MPS.Periodic.RefinementRootIrreducibility (13s)
✔ [10381/11242] Built TNLean.MPS.Periodic.ProjectiveRep (13s)
✔ [10382/11242] Built TNLean.MPS.Periodic.RootWordSpan (13s)
✔ [10383/11260] Built TNLean.MPS.Periodic.SectorIrreducibility (13s)
✔ [10384/11260] Built TNLean.MPS.Periodic.RefinementRootRankCounterexample (15s)
✔ [10385/11260] Built TNLean.MPS.Preparation.PairLayer (15s)
✔ [10386/11260] Built TNLean.MPS.Preparation.BlockGateUnitary (15s)
✔ [10387/11260] Built TNLean.MPS.Preparation.TreeFactorization (15s)
✔ [10388/11260] Built TNLean.MPS.Preparation.BondEmbedding (15s)
✔ [10389/11260] Built TNLean.MPS.Preparation.VarianceOfAverages (14s)
✔ [10390/11260] Built TNLean.MPS.Preparation.IsometryTree (13s)
✔ [10391/11260] Built TNLean.MPS.Periodic.NormalCanonicalPeriodOne (27s)
✔ [10392/11260] Built TNLean.MPS.Preparation.StateApproximationError (13s)
✔ [10393/11260] Built TNLean.MPS.Preparation.OrthogonalSumPolar (16s)
✔ [10394/11260] Built TNLean.MPS.Preparation.LogLogDepthBound (9.8s)
✔ [10395/11260] Built TNLean.MPS.Preparation.FiniteRingCommutatorRecursion (13s)
✔ [10396/11260] Built TNLean.MPS.Preparation.CutRank (14s)
✔ [10397/11260] Built TNLean.MPS.Periodic.UnitalCanonicalSpectrum (28s)
✔ [10398/11260] Built TNLean.MPS.ParentHamiltonian.FNWDimensionConstant.MatrixUnitNormalization (14s)
✔ [10399/11260] Built TNLean.MPS.Preparation.PolarFrame (27s)
✔ [10400/11260] Built TNLean.MPS.Preparation.DecayingCorrelations (29s)
✔ [10401/11260] Built TNLean.MPS.ParentHamiltonian.FNWDimensionConstant.PathVectorNorm (15s)
✔ [10402/11260] Built TNLean.MPS.ParentHamiltonian.FNWDimensionConstant.PathGroundSpace (16s)
✔ [10403/11260] Built TNLean.MPS.ParentHamiltonian.GroundSpaceSpanning (15s)
✔ [10404/11286] Built TNLean.MPS.ParentHamiltonian.HalfChainSpectralComparison (16s)
✔ [10405/11286] Built TNLean.MPS.ParentHamiltonian.PhysicalDeformation (17s)
✔ [10406/11286] Built QICLean.Channel.KoashiImoto.MarkovTripartiteBlockForm (17s)
✔ [10407/11286] Built TNLean.MPS.ParentHamiltonian.FrameOperator (18s)
✔ [10408/11286] Built TNLean.Spectral.MixedEigenvalueGap (28s)
✔ [10409/11286] Built TNLean.MPS.ParentHamiltonian.BlockGroundSpaceContinuity (16s)
✔ [10410/11286] Built QICLean.Analysis.JordanBlockPower (13s)
✔ [10411/11286] Built TNLean.MPS.FundamentalTheorem.SectorBNT.Unitary (28s)
✔ [10412/11286] Built TNLean.MPS.MPU.EncodedUniformMergingCircuit (15s)
✔ [10413/11286] Built TNLean.MPS.ParentHamiltonian.TailVirtualGram (30s)
✔ [10414/11286] Built TNLean.MPS.ParentHamiltonian.BlockIntervalProjectors (14s)
✔ [10415/11286] Built TNLean.MPS.MPU.AffineFactorizationRank (13s)
✔ [10416/11286] Built QICLean.Channel.MarginalSupportWhitenedChoi (28s)
✔ [10417/11286] Built TNLean.MPS.ParentHamiltonian.FNWGeometricDefect (31s)
✔ [10418/11286] Built TNLean.MPS.MPU.NormalizedCompression (12s)
✔ [10419/11286] Built TNLean.MPS.Preparation.BlockIsometryState (14s)
✔ [10420/11286] Built TNLean.MPS.ParentHamiltonian.UncleTensor (12s)
✔ [10421/11286] Built TNLean.MPS.ParentHamiltonian.GramInverseConvergence (34s)
✔ [10422/11286] Built TNLean.MPS.ParentHamiltonian.Martingale.Gap (12s)
✔ [10423/11286] Built TNLean.MPS.Preparation.MixedPolarFullInputCounterexample (15s)
✔ [10424/11286] Built TNLean.MPS.Preparation.SequentialFactorization (17s)
✔ [10425/11286] Built QICLean.Analysis.GeometricDecay (24s)
✔ [10426/11317] Built TNLean.MPS.CanonicalForm.SectorComparison.CommonBlockedCyclicSectorFamily (39s)
✔ [10427/11317] Built TNLean.MPS.Preparation.Sequential (27s)
✔ [10428/11317] Built TNLean.MPS.Periodic.SectorPhaseBlocking (28s)
✔ [10429/11317] Built TNLean.MPS.Preparation.FixedPointPairs (39s)
✔ [10430/11317] Built TNLean.MPS.Preparation.TreeMeasurement (28s)
✔ [10431/11317] Built TNLean.MPS.Preparation.PolarMerge (26s)
✔ [10432/11317] Built TNLean.MPS.FundamentalTheorem.SectorBNT.SingleSector (39s)
✔ [10433/11317] Built TNLean.MPS.MPDO.TwistedDimerHorizontalCF (41s)
✔ [10434/11317] Built TNLean.MPS.CanonicalForm.CPSVCanonicalFormII (41s)
✔ [10435/11317] Built TNLean.MPS.Periodic.RefinementRootRankChannelSquare (31s)
✔ [10436/11317] Built TNLean.MPS.Periodic.PeriodExistence (41s)
✔ [10437/11317] Built TNLean.MPS.Core.CommonNormalBlocking (39s)
✔ [10438/11317] Built TNLean.MPS.Periodic.Normalization (41s)
✔ [10439/11317] Built TNLean.MPS.CanonicalForm.Conjugation (39s)
✔ [10440/11326] Built TNLean.MPS.Preparation.GHZSectorObstruction (11s)
✔ [10441/11326] Built TNLean.MPS.CanonicalForm.TensorProduct (40s)
✔ [10442/11326] Built TNLean.MPS.Overlap.NormalTensorDichotomy (38s)
✔ [10443/11326] Built TNLean.MPS.CanonicalForm.CPSVBlocking (38s)
✔ [10444/11326] Built TNLean.MPS.Periodic.BlockingSpectrum (38s)
✔ [10445/11326] Built TNLean.MPS.Preparation.CutCoefficientRank (10s)
✔ [10446/11326] Built TNLean.MPS.ParentHamiltonian.FNWDimensionConstant.MarkovChannel (10s)
✔ [10447/11326] Built TNLean.MPS.Preparation.CompatibleSeedCircuitEquivalence (11s)
✔ [10448/11326] Built TNLean.MPS.RFP.KroneckerTransport (38s)
✔ [10449/11326] Built TNLean.MPS.ParentHamiltonian.FNWDimensionConstant.ProjectorWitness (11s)
✔ [10450/11326] Built QICLean.Channel.Peripheral.SpectralProjection (10s)
✔ [10451/11326] Built TNLean.MPS.RFP.Decorrelation (7.8s)
✔ [10452/11326] Built TNLean.MPS.RFP.FlowLimit (15s)
✔ [10453/11326] Built TNLean.MPS.ParentHamiltonian.ParentInteractionComparison (18s)
✔ [10454/11326] Built TNLean.MPS.ParentHamiltonian.BlockGroundSpaceMapContinuity (20s)
✔ [10455/11326] Built QICLean.Analysis.EntropyMarkovForward (21s)
✔ [10456/11326] Built TNLean.MPS.ParentHamiltonian.HalfChainSpectrum (22s)
✔ [10457/11326] Built TNLean.MPS.MPU.ProductBasisFactorization (19s)
✔ [10458/11326] Built TNLean.MPS.MPU.BasisEncodingCoordinates (19s)
✔ [10459/11326] Built TNLean.MPS.MPU.PermutedEncodedMergingCircuit (20s)
✔ [10460/11326] Built TNLean.MPS.Preparation.MinimalCutRepresentationFactorization (19s)
✔ [10461/11326] Built TNLean.MPS.MPU.SimultaneousGramMetrics (18s)
✔ [10462/11326] Built TNLean.MPS.MPU.UniformMergingResourceBounds (22s)
✔ [10463/11326] Built TNLean.MPS.ParentHamiltonian.BlockIntervalDefectDecay (22s)
✔ [10464/11326] Built TNLean.MPS.RFP.NormalIsometryCharacterization (30s)
✔ [10465/11326] Built TNLean.MPS.Preparation.CorrelatorFiniteSize (34s)
✔ [10466/11326] Built TNLean.MPS.RFP.Convergence (30s)
✔ [10467/11326] Built TNLean.MPS.RFP.BellPairCIDObstruction (31s)
✔ [10468/11326] Built TNLean.MPS.RFP.CPSVCIDNotRFPExample (32s)
✔ [10469/11326] Built TNLean.MPS.RFP.AppendixBVirtualBondSupport (33s)
✔ [10470/11326] Built TNLean.MPS.FundamentalTheorem.SectorBNT.FundamentalCoord (31s)
✔ [10471/11458] Built TNLean.MPS.Preparation.BinaryMERA (12s)
✔ [10472/11458] Built QICLean.Entropy.MutualInformationOperatorSchmidt (28s)
✔ [10473/11458] Built TNLean.MPS.Preparation.VaryingBondBlocks (14s)
✔ [10474/11458] Built TNLean.MPS.Preparation.BlockStatePreparation (16s)
✔ [10475/11458] Built TNLean.MPS.ParentHamiltonian.UncleParentLimit (18s)
✔ [10476/11458] Built TNLean.MPS.Preparation.IsometricExtension (17s)
✔ [10477/11458] Built TNLean.MPS.Preparation.MixedSequentialFactorization (17s)
✔ [10478/11458] Built TNLean.MPS.ParentHamiltonian.FNWEventualPrefactor (27s)
✔ [10479/11458] Built TNLean.MPS.Structure.ContinuousTraceQuotientMultiplication (13s)
✔ [10480/11458] Built TNLean.MPS.Symmetry.BondInterpolation (13s)
✔ [10481/11458] Built TNLean.MPS.Symmetry.BondRegrouping (13s)
✔ [10482/11458] Built TNLean.MPS.Structure.FramedLeftIdealRealization (15s)
✔ [10483/11458] Built TNLean.MPS.SharedInfra.SectorCompression (15s)
✔ [10484/11458] Built TNLean.MPS.Preparation.SequentialNoAncilla (11s)
✔ [10485/11458] Built TNLean.MPS.Preparation.SequentialTransition (13s)
✔ [10486/11458] Built TNLean.MPS.ParentHamiltonian.BlockGroundSpaceOverlap (26s)
✔ [10487/11458] Built QICLean.Channel.FixedPoint.StationarySupport (26s)
✔ [10488/11458] Built TNLean.MPS.CanonicalForm.SectorComparison.CyclicSectorDecomposition (28s)
✔ [10489/11458] Built TNLean.MPS.Preparation.UnequalMERA (14s)
✔ [10490/11458] Built QICLean.Algebra.MatrixUnitConjugator (11s)
✔ [10491/11458] Built TNLean.MPS.ParentHamiltonian.ProjectorCancellation (31s)
✔ [10492/11458] Built TNLean.MPS.Preparation.PolarIsometryTree (13s)
✔ [10493/11458] Built TNLean.MPS.Preparation.SupportedPolarTree (14s)
✔ [10494/11458] Built TNLean.MPS.Periodic.RefinementRootRankIrreducibility (13s)
✔ [10495/11458] Built TNLean.MPS.SharedInfra.PhysicalObservableGauge (28s)
✔ [10496/11458] Built TNLean.MPS.Symmetry.VaryingSupportPhaseInvariance (10s)
✔ [10497/11458] Built TNLean.MPS.ParentHamiltonian.Martingale.C3Threshold (38s)
✔ [10498/11458] Built TNLean.MPS.Symmetry.ProjectivePathInvariance (13s)
✔ [10499/11458] Built TNLean.MPS.Preparation.ApproximatingState (24s)
✔ [10500/11458] Built TNLean.MPS.Symmetry.PolarDeformation (11s)
✔ [10501/11458] Built TNLean.MPS.Preparation.NonNormalFixedPoint (24s)
✔ [10502/11458] Built TNLean.MPS.Core (24s)
✔ [10503/11458] Built TNLean.MPS.Periodic.BlockDecomposition (25s)
✔ [10504/11458] Built TNLean.MPS.Periodic.SectorNormalization (25s)
✔ [10505/11458] Built TNLean.MPS.FundamentalTheorem.SectorBNT.Examples (26s)
✔ [10506/11458] Built TNLean.MPS.ParentHamiltonian.FNWDimensionConstant.MarkovSpectrum (14s)
✔ [10507/11458] Built TNLean.MPS.Periodic.ScaledNormalization (25s)
✔ [10508/11458] Built QICLean.Entropy.SSAEqualityCharacterization (13s)
✔ [10509/11458] Built TNLean.MPS.ParentHamiltonian.BlockBoundaryTraceDuality (14s)
✔ [10510/11458] Built TNLean.MPS.Preparation.MinimalCutRepresentationIntervals (14s)
✔ [10511/11458] Built TNLean.MPS.MPU.MinimalCutGramMetrics (13s)
✔ [10512/11458] Built TNLean.MPS.MPDO.CPSVBlocking (28s)
✔ [10513/11458] Built TNLean.MPS.Symmetry.ProjectiveDirectSum (14s)
✔ [10514/11458] Built TNLean.MPS.CanonicalForm.BNTCharacterization (30s)
✔ [10515/11458] Built TNLean.MPS.Structure.FiniteRingTraceAlgebra (17s)
✔ [10516/11458] Built TNLean.MPS.Symmetry.AdjointFixedSpaceDimension (17s)
✔ [10517/11458] Built TNLean.MPS.Symmetry.ProjectiveRephasing (17s)
✔ [10518/11458] Built TNLean.MPS.Symmetry.ContinuousSpectralCorner (16s)
✔ [10519/11458] Built TNLean.MPS.Symmetry.SPTFixedPointEmbedding (17s)
✔ [10520/11458] Built TNLean.MPS.Periodic.BlockingEigenvalues (32s)
✔ [10521/11458] Built TNLean.MPS.MPU.CanonicalForm (32s)
✔ [10522/11458] Built TNLean.MPS.Symmetry.ProjectiveGaugeTransport (17s)
✔ [10523/11458] Built TNLean.MPS.ParentHamiltonian.HalfChainCanonicalSpectrum (31s)
✔ [10524/11458] Built TNLean.MPS.RFP.PairLiftCoordinates (32s)
✔ [10525/11458] Built TNLean.MPS.Symmetry.ContinuousProjectionFrame (16s)
✔ [10526/11458] Built TNLean.MPS.Symmetry.StationaryDensitySymmetry (7.9s)
✔ [10527/11458] Built QICLean.Channel.FixedPoint.StationaryStates (28s)
✔ [10528/11458] Built TNLean.MPS.Symmetry.SupportPeriodicDecomposition (7.3s)
✔ [10529/11458] Built TNLean.MPS.Preparation.ObservableTransferBound (30s)
✔ [10530/11458] Built TNLean.MPS.RFP.AppendixBTwoSiteBasicSupport (31s)
✔ [10531/11458] Built TNLean.MPS.Symmetry.BlockingVirtualCovariance (26s)
✔ [10533/11458] Built TNLean.MPS.Tactic (3.4s)
✔ [10534/11458] Built TNLean.MPS.Symmetry.UnitaryVirtualGauge (24s)
✔ [10535/11458] Built TNLean.MPS.Symmetry.CompactUnitalTensors (9.4s)
✔ [10536/11458] Built TNLean.MPS.Symmetry.NearbyInjectiveAdjointActions (12s)
✔ [10537/11458] Built TNLean.MPS.Symmetry.PhysicalCharacterTwist (9.5s)
✔ [10538/11458] Built TNLean.MPS.Symmetry.GroundLineSymmetryCharacter (9.5s)
✔ [10539/11458] Built TNLean.MPS.Symmetry.OnSiteSymmetry (9.2s)
✔ [10540/11458] Built TNLean.MPS.Symmetry.FixedLineLimitSimplicity (10s)
✔ [10541/11458] Built TNLean.MPS.Symmetry.MixedSymmetry (9.6s)
✔ [10542/11458] Built TNLean.PEPS.Defs (7.0s)
✔ [10543/11458] Built TNLean.MPS.Symmetry.MPOSymmetry.GroupAction (11s)
✔ [10544/11458] Built TNLean.PEPS.InjectiveRegion (6.3s)
✔ [10545/11458] Built TNLean.MPS.Symmetry.MPOSymmetry.RepS3SU24NIMRep (12s)
✔ [10546/11458] Built TNLean.MPS.Symmetry.PhysicalStringEndpointSpan (10s)
✔ [10547/11459] Built TNLean.MPS.Symmetry.TransientSupportGaugeIdentification (19s)
✔ [10548/11459] Built TNLean.MPS.Preparation.PaddedBondState (13s)
✔ [10549/11459] Built TNLean.MPS.Preparation.RectangularBlocks (13s)
✔ [10550/11459] Built TNLean.MPS.Preparation.TreeAmplitude (14s)
✔ [10551/11459] Built TNLean.MPS.Preparation.RegisterTree (15s)
✔ [10552/11459] Built TNLean.MPS.Preparation.ConfigurationLayers (14s)
✔ [10553/11459] Built TNLean.MPS.Preparation.DecayingCorrelationBound (50s)
✔ [10554/11459] Built TNLean.MPS.Structure.ContinuousFramedLeftIdealAction (13s)
✔ [10555/11459] Built TNLean.MPS.Preparation.ShortChainPreparation (14s)
✔ [10556/11459] Built TNLean.MPS.Structure.TraceQuotientAlgebraRecovery (14s)
✔ [10557/11459] Built TNLean.MPS.Symmetry.MPDO.Purification (24s)
✔ [10558/11459] Built TNLean.MPS.Preparation.MixedSequentialSupport (14s)
✔ [10559/11459] Built TNLean.MPS.Preparation.InhomogeneousPreparation (15s)
✔ [10560/11459] Built TNLean.MPS.Preparation.SequentialResources (13s)
✔ [10561/11459] Built TNLean.MPS.Symmetry.LocalVirtualGauge (12s)
✔ [10562/11459] Built TNLean.MPS.Symmetry.PhysicalStringBounds (25s)
✔ [10563/11459] Built TNLean.MPS.Symmetry.PeriodicStringBounds (28s)
✔ [10564/11459] Built TNLean.MPS.MPDO.MutualInfoAreaLaw (22s)
✔ [10565/11459] Built TNLean.MPS.CanonicalForm.SectorComparison.CommonBlockedCyclicSectorConstruction (26s)
✔ [10566/11459] Built TNLean.MPS.Symmetry.ProjectiveDirectSumInclusions (15s)
✔ [10567/11459] Built TNLean.MPS.Symmetry.InvertibleProjectivePathInvariance (18s)
✔ [10568/11459] Built TNLean.MPS.Symmetry.BondInterpolationSymmetry (17s)
✔ [10569/11459] Built TNLean.MPS.Symmetry.PhysicalMatrixBondCovariance (19s)
✔ [10570/11459] Built TNLean.MPS.MPU.MinimalCutIntervals (20s)
✔ [10571/11459] Built QICLean.Entropy.MarkovChain (21s)
✔ [10572/11459] Built TNLean.MPS.SharedInfra (32s)
✔ [10573/11459] Built TNLean.MPS.Symmetry.UnitModulusProjectiveFactor (22s)
✔ [10574/11459] Built TNLean.MPS.ParentHamiltonian.CenteredOverlapFactor (44s)
✔ [10575/11459] Built TNLean.MPS.ParentHamiltonian.PrimitiveBlockIntervalDefectDecay (39s)
✔ [10576/11459] Built TNLean.MPS.Preparation.NonNormalCanonicalForm (43s)
✔ [10577/11459] Built TNLean.MPS.ParentHamiltonian.FNWDimensionConstant.MarkovPrimitive (43s)
✔ [10578/11459] Built TNLean.MPS.RFP.PhaseOscillation (44s)
✔ [10579/11459] Built TNLean.MPS.RFP.BNTWeightCounterexample (44s)
✔ [10580/11459] Built TNLean.MPS.ParentHamiltonian.Martingale.BlockedGap (49s)
✔ [10581/11461] Built TNLean.MPS.Preparation.PositivePartRate (48s)
✔ [10584/11461] Built TNLean.MPS.CanonicalForm.BNTExistence (43s)
✔ [10585/11461] Built TNLean.MPS.CanonicalForm.BNTRefinement (45s)
✔ [10586/11461] Built TNLean.MPS.Periodic.BlockingFixedSpace (42s)
✔ [10588/11464] Built TNLean.MPS.MPU.PhysicalAdjointCanonicalForm (39s)
✔ [10589/11464] Built TNLean.MPS.ParentHamiltonian.Martingale.SpectatorTransport (60s)
✔ [10590/11464] Built TNLean.MPS.MPU.TensorProductCanonicalForm (42s)
✔ [10591/11464] Built TNLean.MPS.MPU.PositiveCanonicalGauge (41s)
✔ [10592/11464] Built TNLean.PEPS.NormalEdgeBlockingData (12s)
✔ [10593/11464] Built TNLean.MPS.MPU.ReducedCanonicalRepresentative (43s)
✔ [10594/11464] Built TNLean.MPS.MPU.MPUCanonicalForm (41s)
✔ [10595/11464] Built TNLean.MPS.MPU.PhysicalAncilla (42s)
✔ [10596/11464] Built TNLean.MPS.Symmetry.LocalSpectralSupport (21s)
✔ [10597/11464] Built TNLean.MPS.Symmetry.ContinuousInvariantCompression (21s)
✔ [10598/11464] Built TNLean.MPS.MPU.TransferStabilization (41s)
✔ [10599/11464] Built TNLean.MPS.Symmetry.CompactSupportVirtualTransport (41s)
✔ [10600/11464] Built TNLean.MPS.Symmetry.MixedSPTFixedPoint (25s)
✔ [10601/11464] Built TNLean.MPS.Symmetry.PhysicalStringBlockEndpoints (22s)
✔ [10602/11464] Built TNLean.MPS.ParentHamiltonian.HalfChainSourceSpectrum (39s)
✔ [10603/11464] Built TNLean.MPS.RFP.AppendixBFactorAction (39s)
✔ [10604/11464] Built TNLean.MPS.Preparation.RectangularIntervalBlocks (21s)
✔ [10605/11464] Built TNLean.MPS.Preparation.UnequalRegisterTree (23s)
✔ [10606/11464] Built TNLean.MPS.Structure.TraceQuotientLetterCoordinates (20s)
✔ [10607/11464] Built TNLean.MPS.Structure.TraceQuotientTripleContinuity (20s)
✔ [10609/11464] Built TNLean.MPS.Preparation.WindowGHZ (26s)
✔ [10610/11464] Built TNLean.MPS.Preparation.PartialIsometryPreparation (23s)
✔ [10611/11464] Built TNLean.MPS.RFP.BeigiSpatialDecomposition (44s)
✔ [10612/11464] Built TNLean.MPS.Symmetry.GlobalVirtualGauge (23s)
✔ [10613/11464] Built TNLean.MPS.Symmetry.WeightedMatrixUnitInterpolation (22s)
✔ [10615/11464] Built TNLean.MPS.MPU.IntervalColumnEncoding (20s)
✔ [10617/11464] Built TNLean.MPS.Symmetry.ProjectiveHomConjugation (16s)
✔ [10618/11464] Built TNLean.MPS.MPU.MinimalCutEndpointMetrics (20s)
✔ [10619/11464] Built TNLean.MPS.RFP.AppendixBVirtualPairCommutation (44s)
✔ [10620/11464] Built TNLean.MPS.MPDO.SimpleLocalStructure (19s)
✔ [10621/11464] Built TNLean.MPS.Symmetry.ContinuousStationaryDensity (47s)
✔ [10622/11464] Built TNLean.MPS.Preparation.RegisterTreeState (36s)
✔ [10623/11464] Built QICLean.Entropy.PositiveOverlappingProduct (20s)
✔ [10624/11464] Built TNLean.MPS.Symmetry.MPDO.NormalPurification (37s)
✔ [10625/11464] Built TNLean.MPS.CanonicalForm.SectorComparison.CommonSectorData (35s)
✔ [10626/11464] Built TNLean.PEPS.NormalBlocking (14s)
✔ [10627/11464] Built TNLean.MPS.ParentHamiltonian.BlockDiagonalProjectorDecay (30s)
✔ [10628/11464] Built TNLean.MPS.ParentHamiltonian.FNWDimensionConstant.Counterexample (32s)
✔ [10629/11464] Built TNLean.MPS.Preparation.ZeroSubleadingSpectrum (32s)
✔ [10630/11464] Built TNLean.MPS.RFP.GaugeBlockingCounterexample (36s)
✔ [10631/11464] Built TNLean.MPS.Preparation.InhomogeneousDoeblin (35s)
✔ [10632/11464] Built TNLean.MPS.Structure.NormalizedTraceQuotientLetters (13s)
✔ [10633/11464] Built TNLean.MPS.Preparation.ExactFixedPointPolar (35s)
✔ [10634/11525] Built TNLean.MPS.Preparation.RectangularWindowMixing (15s)
✔ [10636/12108] Built TNLean.MPS.ParentHamiltonian.CoisometricReconstruction (35s)
✔ [10637/12206] Built TNLean.MPS.Structure.ContinuousTraceQuotientLetters (10s)
✔ [10638/12206] Built TNLean.MPS.ParentHamiltonian.Martingale.FiberwiseQuadraticFormGap (34s)
✔ [10639/12206] Built TNLean.MPS.Structure.ContinuousTraceQuotientUnit (10s)
✔ [10640/12206] Built TNLean.MPS.ParentHamiltonian.Martingale.SpectatorOrder (36s)
✔ [10641/12206] Built TNLean.MPS.MPU.Equivalence (33s)
✔ [10642/12206] Built TNLean.MPS.MPU.TransferStabilizationConverse (34s)
✔ [10643/12206] Built TNLean.MPS.ParentHamiltonian.C3CorrectionBounds (53s)
✔ [10644/12206] Built TNLean.MPS.Preparation.SparseRegisterPadding (11s)
✔ [10645/12206] Built TNLean.MPS.ParentHamiltonian.Martingale.WholeIncrementSpectatorTransport (40s)
✔ [10646/12206] Built TNLean.MPS.Symmetry.PhysicalStringBlockOrder (30s)
✔ [10647/12206] Built TNLean.MPS.Preparation.GHZSeedRegisters (9.6s)
ℹ [10648/12206] Built TNLean.MPS.MPU.DoubleLayerContraction (33s)
info: TNLean/MPS/MPU/DoubleLayerContraction.lean:335:2: Try this:
  [apply] ring_nf
  
  The `ring` tactic failed to close the goal. Use `ring_nf` to obtain a normal form.
    
  Note that `ring` works primarily in *commutative* rings. If you have a noncommutative ring, abelian group or module, consider using `noncomm_ring`, `abel` or `module` instead.
✔ [10649/12206] Built TNLean.MPS.Preparation.InhomogeneousSequence (10s)
✔ [10650/12206] Built TNLean.MPS.Symmetry.EmbeddedFixedPointTensor (11s)
✔ [10651/12206] Built TNLean.MPS.ParentHamiltonian.Martingale.CyclicWindowOpenHamiltonian (44s)
✔ [10652/12206] Built TNLean.MPS.Symmetry.PointwiseInvariantCompression (12s)
✔ [10654/12206] Built TNLean.MPS.MPU.IntervalJointOutputEncoding (12s)
✔ [10656/12206] Built TNLean.MPS.ParentHamiltonian.Martingale.GroupedSpectatorNorm (47s)
✔ [10657/12206] Built TNLean.MPS.MPU.MinimalIntervalColumns (12s)
✔ [10658/12206] Built TNLean.MPS.ParentHamiltonian.Martingale.FixedAmbientMartingaleBound (45s)
✔ [10659/12206] Built TNLean.MPS.MPU.MinimalCutJoiningParent (13s)
✔ [10660/12206] Built TNLean.MPS.MPU.MinimalLeafCircuits (13s)
✔ [10661/12206] Built TNLean.PEPS.SquareLatticeGraph (7.9s)
✔ [10662/12206] Built TNLean.MPS.MPDO.HayashiSectorProjector (13s)
✔ [10663/12206] Built TNLean.MPS.MPDO.EtaPreparation (14s)
✔ [10664/12206] Built TNLean.MPS.MPDO.SALArbitraryCut (13s)
✔ [10665/12230] Built TNLean.MPS.Symmetry.UniformProjectiveRigidity (17s)
✔ [10666/12230] Built TNLean.PEPS.TorusLatticeGraph (7.7s)
✔ [10667/12230] Built TNLean.PEPS.IsoTransport (7.9s)
✔ [10668/12230] Built TNLean.MPS.MPDO.HayashiSectorComparison (14s)
✔ [10669/12230] Built TNLean.PEPS.FiniteKernelDescent (5.6s)
✔ [10670/12230] Built TNLean.MPS.MPDO.BNTMarkovKeyFormula (16s)
✔ [10671/12230] Built TNLean.MPS.Preparation.UnequalRegisterTreeState (15s)
✔ [10672/12230] Built TNLean.PEPS.PairConjugacy (6.4s)
✔ [10673/12230] Built TNLean.PEPS.BasisRepresentation (10s)
✔ [10674/12230] Built TNLean.PEPS.VirtualInsertion (9.4s)
✔ [10675/12230] Built QICLean.Entropy.FiniteProductConditional (12s)
✔ [10676/12230] Built TNLean.PEPS.TwoInjectiveComparison.Basic (7.9s)
✔ [10677/12230] Built QICLean.Algebra.MatrixAlgEquiv (7.9s)
✔ [10678/12230] Built TNLean.PEPS.TensorFactorScalar (8.4s)
✔ [10679/12230] Built TNLean.PEPS.RegularBoundary (11s)
✔ [10680/12230] Built TNLean.PEPS.BondCoordinateTransport (8.8s)
✔ [10681/12230] Built TNLean.PEPS.SemiRegularBondIsometry (9.2s)
✔ [10682/12230] Built TNLean.MPS.RFP.AppendixBSupportProjectionCommutation (26s)
✔ [10683/12230] Built TNLean.PEPS.NormalEdgeComplementCover (8.4s)
✔ [10684/12230] Built TNLean.MPS.ParentHamiltonian.FNWDimensionConstant (21s)
✔ [10685/12230] Built TNLean.PEPS.DependentPhysicalProductRangeSupport (7.7s)
✔ [10686/12230] Built TNLean.PEPS.EdgeScalarSolve (12s)
✔ [10687/12230] Built TNLean.PEPS.CycleMPSChainArc (10s)
✔ [10688/12230] Built TNLean.PEPS.CycleMPSTwoSiteCounterexample (8.9s)
✔ [10689/12230] Built TNLean.PEPS.FiniteCellTopology (6.1s)
✔ [10690/12230] Built TNLean.PEPS.CycleMPSWordTransport (10s)
✔ [10691/12230] Built TNLean.MPS.CanonicalForm.SectorComparison.CommonSectorTransport (24s)
✔ [10692/12230] Built TNLean.PEPS.GInjectiveMPS (15s)
✔ [10693/12230] Built TNLean.PEPS.OnSiteOperator (7.5s)
✔ [10694/12230] Built TNLean.PEPS.GInjectiveConcatenation (16s)
✔ [10695/12230] Built TNLean.PEPS.CycleArcRegion (13s)
✔ [10696/12230] Built TNLean.MPS.Preparation.SecondOrderOverlap (70s)
✔ [10697/12230] Built TNLean.PEPS.InjectiveRegionContraction (6.5s)
✔ [10698/12230] Built TNLean.PEPS.IntegerContourRayPotential (6.5s)
✔ [10699/12230] Built TNLean.MPS.Periodic.Overlap.SelfOverlapSetup (30s)
✔ [10700/12230] Built TNLean.PEPS.MixedPhysicalProductMap (7.7s)
✔ [10701/12230] Built TNLean.PEPS.GIsometricCoordinateTransport (9.5s)
✔ [10702/12230] Built TNLean.PEPS.GInjectiveRangeEquivalence (9.8s)
✔ [10703/12230] Built TNLean.PEPS.FixedBoundaryFactorDensity (10s)
✔ [10704/12230] Built TNLean.PEPS.ParentHamiltonian.VirtualBondGroundSpace (9.8s)
✔ [10705/12230] Built TNLean.PEPS.PureCutLocalEquivalence (14s)
✔ [10706/12230] Built TNLean.PEPS.PhysicalStateNormalization (14s)
✔ [10707/12230] Built TNLean.PEPS.ParentHamiltonian.IsometricProjectorTransport (15s)
✔ [10708/12230] Built TNLean.PEPS.RegularBoundaryUntwisting (15s)
✔ [10710/12230] Built TNLean.PEPS.PhysicalSupportSection (15s)
✔ [10712/12230] Built TNLean.PEPS.SquareLatticeBoundaryMPO (16s)
✔ [10713/12230] Built TNLean.PEPS.RegularFluxCreationState (16s)
✔ [10714/12230] Built TNLean.PEPS.RegularChargeCoordinates (18s)
✔ [10715/12230] Built TNLean.QCA.BipartiteSupportAlgebra (15s)
✔ [10716/12230] Built TNLean.PEPS.TorusRowColumnReductionObstruction (18s)
✔ [10717/12230] Built TNLean.QCA.Blocking (17s)
✔ [10718/12230] Built TNLean.PiAlgebra.GlobalSymmetry (18s)
✔ [10719/12230] Built TNLean.QCA.BipartiteLocalAlgebra (16s)
✔ [10720/12230] Built TNLean.QCA.LocalNorm (18s)
✔ [10721/12230] Built TNLean.QCA.Translation (17s)
✔ [10722/12230] Built TNLean.MPS.Preparation.SparseWindowGHZ (16s)
✔ [10723/12230] Built TNLean.MPS.Structure.ContinuousTraceQuotientPrimitive (18s)
✔ [10724/12230] Built TNLean.MPS.Preparation.GHZSeedCircuit (16s)
✔ [10725/12230] Built TNLean.PEPS.AreaLaw.Geometry (7.0s)
✔ [10726/12230] Built TNLean.MPS.Preparation.InhomogeneousExactPreparation (12s)
✔ [10727/12230] Built TNLean.MPS.Symmetry.LocalInvariantCompression (13s)
✔ [10728/12230] Built TNLean.PEPS.AreaLaw.RectangularDomain (11s)
✔ [10729/12230] Built TNLean.MPS.MPU.MinimalIntervalCircuit (15s)
✔ [10730/12230] Built TNLean.MPS.MPU.IntervalJointFlagInitialization (15s)
✔ [10731/12230] Built TNLean.PEPS.TorusTranslation (13s)
✔ [10732/12230] Built TNLean.PEPS.TorusRectangleRegion (14s)
✔ [10733/12230] Built TNLean.PEPS.EdgeMapSubgraph (13s)
✔ [10734/12230] Built TNLean.PEPS.Approximation.Basic (18s)
✔ [10735/12230] Built TNLean.MPS.MPU.MinimalLeafCircuitPlacement (19s)
✔ [10736/12230] Built TNLean.PEPS.PairConjugacyCentralizer (9.7s)
✔ [10737/12230] Built TNLean.MPS.MPDO.RFPSubspinMaps (20s)
✔ [10738/12230] Built TNLean.MPS.Symmetry.LocalProjectiveClassStability (20s)
✔ [10739/12230] Built QICLean.Analysis.CStarCompletion (20s)
✔ [10740/12230] Built TNLean.MPS.MPDO.SectorFactorization (18s)
✔ [10741/12230] Built TNLean.MPS.MPU.MinimalIntervalRootColumns (25s)
✔ [10742/12230] Built TNLean.MPS.MPDO.PhysicalSectorFactorization (17s)
✔ [10743/12230] Built TNLean.PEPS.SingletonRegion (7.0s)
✔ [10744/12230] Built TNLean.MPS.Preparation.IsometryTreePreparation (16s)
✔ [10745/12230] Built TNLean.PEPS.TwoInjectiveComparison.EndOperationComposition (7.0s)
✔ [10746/12230] Built TNLean.PEPS.Blocking (10s)
✔ [10747/12230] Built TNLean.PEPS.EdgeGaugeExtraction (8.6s)
✔ [10748/12230] Built TNLean.PEPS.LocalGauge (15s)
✔ [10749/12230] Built TNLean.PEPS.PairConjugacyOperators (15s)
✔ [10750/12230] Built QICLean.Entropy.ConditionalTwoFamilies (12s)
✔ [10751/12230] Built TNLean.PEPS.NormalRectangleTiling (9.2s)
✔ [10752/12230] Built TNLean.MPS.MPU.InjectiveCanonicalRepresentative (46s)
✔ [10753/12230] Built TNLean.MPS.MPU.FactorFreeSandwich (43s)
✔ [10754/12230] Built TNLean.PEPS.NormalEdgeBlockingCoordinate (8.8s)
✔ [10755/12230] Built TNLean.MPS.MPU.ResidualAlgebra (39s)
✔ [10756/12230] Built TNLean.PEPS.RegularBoundaryState (14s)
✔ [10757/12230] Built TNLean.PEPS.ThetaBondCoordinates (15s)
✔ [10758/12230] Built TNLean.MPS.ParentHamiltonian.Martingale.OpenParentGap (38s)
✔ [10759/12230] Built TNLean.PEPS.ThetaBondOrthonormalCoordinates (16s)
✔ [10760/12230] Built TNLean.PEPS.CycleMPSChainOverlapWindow (15s)
✔ [10761/12231] Built TNLean.PEPS.CycleMPSTensor (17s)
✔ [10762/12231] Built TNLean.PEPS.GInjectiveMPSIntersection (21s)
✔ [10763/12231] Built TNLean.PEPS.GInjectiveMPSAlgebra (20s)
✔ [10765/12231] Built TNLean.PEPS.GIsometric (23s)
✔ [10766/12231] Built TNLean.MPS.RFP.AppendixBChainCommutation (36s)
✔ [10767/12231] Built TNLean.MPS.ParentHamiltonian.Martingale.PeriodicRangeComparison (67s)
✔ [10768/12231] Built TNLean.PEPS.GInjectiveVirtualComparison (24s)
✔ [10769/12231] Built TNLean.MPS.CanonicalForm.SectorComparison (42s)
✔ [10770/12231] Built TNLean.MPS.CanonicalForm.CPSVAfterBlocking (44s)
✔ [10771/12231] Built TNLean.PEPS.PhysicalStateCoherentNormalization (22s)
✔ [10772/12231] Built TNLean.PEPS.ParentHamiltonian.InjectiveParentReconstructionCounterexample (24s)
✔ [10773/12231] Built TNLean.MPS.FundamentalTheorem.SectorBNT.Supplier (44s)
✔ [10774/12232] Built TNLean.PEPS.ParentHamiltonian.CoordinateRangeProjector (23s)
✔ [10775/12232] Built TNLean.PEPS.SquareLatticeBoundaryPositivity (22s)
✔ [10776/12232] Built TNLean.PEPS.AreaLaw.Amplification (16s)
✔ [10777/12232] Built TNLean.MPS.Preparation.PolarCompression (46s)
⚠ [10778/12232] Built TNLean.MPS.Preparation.InhomogeneousChoiResidual (49s)
warning: TNLean/MPS/Preparation/InhomogeneousChoiResidual.lean:177:100: This line exceeds the 100 character limit, please shorten it!

Note: This linter can be disabled with `set_option linter.style.longLine false`
warning: TNLean/MPS/Preparation/InhomogeneousChoiResidual.lean:179:100: This line exceeds the 100 character limit, please shorten it!

Note: This linter can be disabled with `set_option linter.style.longLine false`
✔ [10779/12232] Built TNLean.MPS.Symmetry.TransientCornerSpectrum (47s)
✔ [10780/12232] Built TNLean.MPS.Symmetry.PeriodicMPSNormLowerBound (46s)
✔ [10781/12232] Built TNLean.PEPS.RegularChargeSubspace (18s)
✔ [10782/12232] Built TNLean.QCA.OverlappingSupportAlgebra (15s)
✔ [10783/12232] Built TNLean.QCA.CommutingStarSubalgebraKronecker (13s)
✔ [10784/12232] Built TNLean.MPS.Preparation.InhomogeneousOverlap (49s)
✔ [10785/12232] Built TNLean.MPS.Periodic.PeriodBound (44s)
✔ [10786/12232] Built TNLean.MPS.Periodic.Overlap.SelfOverlap (46s)
✔ [10787/12232] Built TNLean.MPS.Periodic.Overlap.SectorMatch.Basic (47s)
✔ [10788/12232] Built TNLean.QCA.RegionSumset (12s)
✔ [10789/12232] Built TNLean.MPS.Periodic.StateVectorDecomposition (45s)
✔ [10790/12232] Built TNLean.QCA.AlgebraicTranslation (13s)
✔ [10791/12232] Built TNLean.MPS.Preparation.SectorEncoder (12s)
✔ [10792/12232] Built TNLean.MPS.Preparation.ExplicitPreparationScale (11s)
✔ [10793/12232] Built TNLean.QCA.AlgebraicBlocking (15s)
✔ [10794/12232] Built TNLean.MPS.Preparation.ApproximationError (56s)
✔ [10795/12232] Built TNLean.PEPS.TorusEdgeBlockingRegion (9.4s)
✔ [10796/12232] Built TNLean.MPS.MPU.IntervalJoiningPacketEncoding (11s)
✔ [10797/12232] Built TNLean.MPS.MPU.MinimalIntervalRecursion (10s)
✔ [10798/12232] Built TNLean.MPS.Symmetry.SupportedDensityPhaseInvariance (12s)
✔ [10799/12232] Built TNLean.PiAlgebra (22s)
✔ [10800/12232] Built TNLean.MPS.MPU.MinimalIntervalLeafColumns (13s)
✔ [10801/12232] Built TNLean.MPS.MPU.FinalCircuitRegisters (11s)
✔ [10802/12232] Built TNLean.MPS.MPDO.SectorEtaContraction (11s)
✔ [10803/12232] Built TNLean.MPS.MPDO.SectorPairingTransfer (11s)
✔ [10804/12232] Built TNLean.MPS.MPDO.PhysicalSectorVirtualTransport (11s)
✔ [10805/12232] Built TNLean.QCA.QuasiLocal (12s)
✔ [10806/12232] Built TNLean.MPS.MPDO.PhysicalSectorPairPreservingObstruction (11s)
✔ [10807/12232] Built TNLean.MPS.MPDO.PhysicalSectorDirectedCut (11s)
✔ [10808/12232] Built TNLean.MPS.Preparation.InhomogeneousUniformRate (22s)
✔ [10809/12232] Built TNLean.MPS.MPDO.PhysicalSectorSupportRecurrence (11s)
✔ [10810/12232] Built TNLean.MPS.MPDO.PhysicalSectorClosureThree (11s)
✔ [10811/12232] Built TNLean.MPS.MPU.IntervalInputRegrouping (19s)
✔ [10812/12232] Built TNLean.MPS.Symmetry.ContinuousCanonicalNormalization (22s)
✔ [10813/12232] Built TNLean.MPS.MPDO.PhysicalSectorClosureTwo (12s)
✔ [10814/12232] Built TNLean.MPS.MPDO.PhysicalSectorSubspinMaps (12s)
✔ [10815/12232] Built TNLean.PEPS.IdentityInsertion (8.6s)
✔ [10816/12232] Built TNLean.MPS.MPDO.InverseMapPhysicalSectorFactorization (11s)
✔ [10817/12232] Built TNLean.MPS.MPDO.NeighboringPreparation (12s)
✔ [10819/12232] Built TNLean.PEPS.VertexComplement.Basic (8.7s)
✔ [10820/12232] Built TNLean.PEPS.TwoInjectiveComparison (9.6s)
✔ [10821/12232] Built TNLean.PEPS.EdgeMiddlePhysical.Basic (9.2s)
✔ [10822/12232] Built TNLean.PEPS.NormalEdgeBlockingTranslatedCoordinate (9.5s)
✔ [10823/12232] Built TNLean.MPS.Preparation.SupportedTreePreparation (12s)
✔ [10824/12232] Built TNLean.MPS.Symmetry.StationarySupportedDensityPhaseInvariance (23s)
✔ [10825/12232] Built TNLean.MPS.Preparation.UnequalTreePreparation (15s)
✔ [10826/12232] Built TNLean.PEPS.Approximation.ConditionalTwoFamilies (12s)
✔ [10827/12232] Built TNLean.PEPS.RegularBoundaryGibbsSupport (12s)
✔ [10828/12232] Built TNLean.PEPS.GInjectiveCutRange (13s)
✔ [10829/12232] Built TNLean.PEPS.RegularBoundaryEntropy (12s)
✔ [10830/12234] Built TNLean.PEPS.RegularBoundaryTransporter (12s)
✔ [10831/12234] Built TNLean.PEPS.BoundaryIsometry (13s)
✔ [10832/12234] Built TNLean.PEPS.CycleMPSChainOverlapInsertion (15s)
✔ [10833/12234] Built TNLean.PEPS.GInjectiveStripIntersection (16s)
✔ [10834/12234] Built QICLean.Algebra.BurnsideTheorem (17s)
✔ [10835/12234] Built QICLean.Algebra.FiniteCauchySchwarz (12s)
✔ [10836/12234] Built TNLean.PEPS.GIsometricParentHamiltonian (19s)
✔ [10837/12234] Built TNLean.PEPS.GInjectiveMPSParentHamiltonian (20s)
✔ [10838/12234] Built TNLean.PEPS.GIsometricLinkContraction (22s)
✔ [10839/12234] Built TNLean.PEPS.GIsometricConcatenation (25s)
✔ [10840/12234] Built TNLean.MPS.MPU.ThreeFormSpan (32s)
✔ [10841/12234] Built TNLean.MPS.ParentHamiltonian.Martingale.GroupedWindowBounds (32s)
✔ [10842/12234] Built TNLean.MPS.ParentHamiltonian.Martingale.FiniteRangeKnabeGap (37s)
✔ [10843/12234] Built TNLean.MPS.RFP.NNCPHGroundSpace (36s)
✔ [10844/12234] Built TNLean.MPS.ParentHamiltonian.Martingale.FixedRangeGapTransfer (35s)
✔ [10845/12234] Built TNLean.MPS.CanonicalForm (37s)
✔ [10846/12234] Built TNLean.MPS.FundamentalTheorem.SectorBNT.SupplierNormalized (39s)
✔ [10847/12234] Built TNLean.MPS.Preparation.ExactSectorEncoder (19s)
✔ [10848/12234] Built TNLean.MPS.ParentHamiltonian.Martingale.PeriodicInteraction (42s)
✔ [10849/12234] Built TNLean.MPS.Preparation.InhomogeneousPositivePartRate (38s)
✔ [10850/12234] Built TNLean.MPS.Preparation.WindowMixing (39s)
✔ [10851/12234] Built TNLean.MPS.Overlap.PeriodicRayUnitOverlap (38s)
✔ [10852/12234] Built TNLean.MPS.FundamentalTheorem.SectorBNT.PreparedReconstruction (43s)
✔ [10853/12234] Built TNLean.MPS.Preparation.SectorEncoderCompilation (23s)
✔ [10854/12234] Built TNLean.MPS.Periodic.Overlap.SectorMatch.CyclicTransport (36s)
✔ [10855/12234] Built TNLean.MPS.Periodic.Overlap.SectorMatch.CyclicTrace (34s)
✔ [10856/12234] Built TNLean.MPS.Periodic.NormalizedSelfOverlap (34s)
✔ [10857/12234] Built TNLean.MPS.Periodic.UnitalStateVectorDecomposition (31s)
✔ [10858/12234] Built TNLean.MPS.Periodic.RefinementRootPeriod (31s)
✔ [10859/12234] Built TNLean.MPS.Periodic.Overlap.DifferentPeriod (33s)
✔ [10860/12234] Built TNLean.MPS.Periodic.PrescribedBlocking (29s)
✔ [10861/12234] Built TNLean.MPS.MPU.ColumnCoordinateTransport (9.7s)
✔ [10862/12234] Built TNLean.MPS.MPU.SingleSiteCompleteCircuit (10s)
✔ [10863/12234] Built TNLean.MPS.Preparation.InhomogeneousApproximationError (26s)
✔ [10864/12234] Built TNLean.MPS.Preparation.SectorSpectralGap (19s)
✔ [10865/12234] Built TNLean.MPS.Preparation.PolynomialAccuracy (20s)
✔ [10866/12234] Built TNLean.MPS.Preparation.TreeMERA (22s)
✔ [10867/12234] Built TNLean.MPS.MPDO.SectorEtaOperator (11s)
✔ [10868/12235] Built TNLean.MPS.Preparation.DepthUpperBound (20s)
✔ [10869/12235] Built TNLean.MPS.MPDO.PhysicalSectorVirtualCompression (10s)
✔ [10870/12235] Built TNLean.MPS.MPU.IntervalParentColumns (10s)
✔ [10871/12235] Built TNLean.QCA.QuasiLocalTranslation (13s)
✔ [10872/12235] Built TNLean.MPS.MPDO.PhysicalSectorRefinementRegroupings (10s)
✔ [10873/12235] Built TNLean.QCA.FinitePropagation (13s)
✔ [10874/12235] Built TNLean.MPS.MPDO.PhysicalSectorClosureCoordinates (10s)
✔ [10875/12235] Built TNLean.MPS.MPDO.PhysicalSectorClosureGlobal (11s)
✔ [10876/12235] Built TNLean.MPS.MPDO.PhysicalSectorPruning (10s)
✔ [10877/12235] Built TNLean.PEPS.RegionBlock.Basic (6.1s)
✔ [10878/12235] Built TNLean.MPS.MPDO.PhysicalSectorGaugeTransport (9.8s)
✔ [10879/12235] Built TNLean.MPS.MPDO.BondOnePhysicalSectorFactorization (9.4s)
✔ [10880/12235] Built TNLean.MPS.MPDO.PhysicalSectorTraceActions (9.1s)
✔ [10881/12235] Built TNLean.PEPS.EdgeMiddlePhysical.KernelDescent (7.1s)
✔ [10882/12235] Built TNLean.PEPS.AreaLaw (8.7s)
✔ [10883/12235] Built TNLean.MPS.MPDO.PhysicalSectorCoarseGraining (9.4s)
✔ [10884/12235] Built TNLean.MPS.Preparation.DiagonalPolar (22s)
✔ [10885/12235] Built TNLean.PEPS.NormalEdgeBlockingTranslated (7.2s)
✔ [10886/12235] Built TNLean.MPS.MPU.IntervalJointOutputReset (17s)
✔ [10887/12235] Built TNLean.MPS.Preparation.OrderedBlockOverlap (24s)
✔ [10888/12235] Built TNLean.PEPS.InsertionRealization (9.2s)
✔ [10889/12235] Built TNLean.MPS.MPU.IntervalJointSuffixFactorization (25s)
✔ [10890/12235] Built TNLean.PEPS.Approximation (10s)
✔ [10891/12235] Built QICLean.Algebra.HermitianTracePower (9.0s)
✔ [10892/12235] Built TNLean.PEPS.GInjectiveCutCompatibility (12s)
✔ [10893/12235] Built TNLean.MPS.Preparation.CoherentBlockTreePreparation (12s)
✔ [10894/12235] Built TNLean.PEPS.RegularBoundarySupportedGram (12s)
✔ [10895/12235] Built TNLean.PEPS.BoundaryNormalization (12s)
✔ [10896/12235] Built TNLean.PEPS.GInjectiveStripParentGroundSpace (13s)
✔ [10897/12235] Built TNLean.PEPS.GIsometricSupportCoordinates (13s)
✔ [10898/12235] Built TNLean.PEPS.CycleMPSChainOverlapCapstone (15s)
✔ [10899/12235] Built TNLean.PEPS.RegularSiteGram (13s)
✔ [10900/12235] Built TNLean.MPS.Symmetry.UnitalSupportedPathInvariance (22s)
✔ [10901/12235] Built TNLean.MPS.Symmetry.SupportedCompressionIrreducible (23s)
✔ [10902/12235] Built TNLean.MPS.MPDO.PhysicalSectorChainDecomposition (21s)
✔ [10903/12235] Built TNLean.MPS.MPDO.BNTMarkovSectorProjectors (22s)
✔ [10904/12235] Built TNLean.MPS.ParentHamiltonian.KnabeGapNeighborhood (35s)
✔ [10905/12235] Built TNLean.MPS.MPU.ThreeFormInsertion (36s)
✔ [10906/12235] Built TNLean.MPS.ParentHamiltonian.PrimitiveGaugeExistence (35s)
✔ [10907/12237] Built TNLean.MPS.MPDO.SectorEtaPositivity (20s)
✔ [10908/12237] Built TNLean.MPS.ParentHamiltonian.Martingale.PeriodicGapFromDivisibleOpen (35s)
✔ [10909/12237] Built TNLean.MPS.Overlap (35s)
✔ [10910/12237] Built TNLean.MPS.ParentHamiltonian.PeriodicShortGapContinuity (39s)
✔ [10911/12238] Built TNLean.MPS.BNT.Bridge (34s)
✔ [10912/12238] Built TNLean.MPS.Periodic.IrreducibleFormBlocking (32s)
✔ [10913/12238] Built TNLean.MPS.BNT.DirectSumSelectors (33s)
✔ [10914/12238] Built TNLean.MPS.FundamentalTheorem.SectorBNT.Blocking (34s)
✔ [10915/12238] Built TNLean.MPS.Periodic.Overlap.NoSectorMatch (33s)
✔ [10916/12238] Built TNLean.MPS.FundamentalTheorem.SectorBNT.CanonicalFormBridge (39s)
✔ [10917/12238] Built QICLean.Algebra.HermitianSpectrumPerturbation (7.5s)
✔ [10918/12238] Built TNLean.MPS.Preparation.OrderedMixingPairRate (32s)
✔ [10919/12238] Built TNLean.MPS.ParentHamiltonian.Martingale.GroupedOpenGap (43s)
✔ [10920/12238] Built TNLean.PEPS.RegionTransport (6.4s)
✔ [10921/12238] Built TNLean.QCA.TranslationCovariance (8.3s)
✔ [10922/12238] Built TNLean.PEPS.RegionBlock.InsertSplit (6.1s)
✔ [10923/12238] Built TNLean.MPS.Preparation.ZeroSubleadingPreparation (26s)
✔ [10924/12238] Built TNLean.QCA.DisjointSupport (9.3s)
✔ [10925/12238] Built TNLean.MPS.Preparation.VaryingReferenceOverlap (34s)
✔ [10926/12238] Built TNLean.PEPS.ConfigurationCalculus (6.7s)
ℹ [10927/12238] Built TNLean.MPS.Periodic.Overlap.SectorMatch.Contraction (41s)
info: TNLean/MPS/Periodic/Overlap/SectorMatch/Contraction.lean:550:8: Try this:
  [apply] abel_nf
info: TNLean/MPS/Periodic/Overlap/SectorMatch/Contraction.lean:736:31: Try this:
  [apply] abel_nf
✔ [10928/12238] Built TNLean.QCA.QuasiLocalBlocking (12s)
✔ [10929/12238] Built TNLean.PEPS.EdgeMiddlePhysical (6.0s)
✔ [10930/12238] Built TNLean.PEPS.NormalSquarePEPSBlocking (6.8s)
✔ [10931/12238] Built TNLean.PEPS.NormalEdgeBlockingInterior (7.3s)
✔ [10932/12238] Built TNLean.PEPS.NormalEdgeBlockingMargins (7.5s)
✔ [10933/12238] Built TNLean.PEPS.CycleMPSInjectivity (13s)
✔ [10934/12238] Built TNLean.PEPS.PhysicalToVirtualCounterexample (8.3s)
✔ [10935/12238] Built TNLean.MPS.MPDO.PhysicalSectorOmegaPreparation (10s)
✔ [10936/12238] Built TNLean.MPS.Preparation.StaircasePreparation (17s)
✔ [10937/12239] Built TNLean.PEPS.InsertionCoefficientRealization (8.9s)
✔ [10938/12239] Built TNLean.MPS.MPU.InitializedEncodingCoordinates (10s)
✔ [10939/12239] Built QICLean.Algebra.HermitianSpectrumMultiplicity (10s)
✔ [10940/12239] Built TNLean.MPS.MPU.JoiningSpectatorColumns (11s)
✔ [10941/12239] Built TNLean.PEPS.RegularClosureSuperposition (12s)
✔ [10942/12239] Built TNLean.PEPS.GIsometricCanonicalSupport (14s)
✔ [10943/12239] Built TNLean.PEPS.RegularSiteSymmetryRecovery (14s)
✔ [10944/12240] Built TNLean.PEPS.RegularBoundaryLocalAlgebra (15s)
✔ [10945/12240] Built TNLean.MPS.MPDO.SectorChainFiberContraction (15s)
✔ [10946/12240] Built QICLean.Algebra.MatrixTracePowerContinuity (11s)
✔ [10947/12240] Built TNLean.MPS.MPDO.PhysicalSectorRephasing (15s)
✔ [10948/12240] Built TNLean.MPS.Preparation.OneDimensionalBlocks (25s)
✔ [10949/12240] Built TNLean.MPS.MPDO.SALPhysicalSectorCyclicPositivity (14s)
✔ [10950/12240] Built TNLean.MPS.Preparation.OrthogonalBlockSum (25s)
✔ [10951/12240] Built TNLean.MPS.MPDO.SectorRecurrence (14s)
✔ [10952/12240] Built TNLean.MPS.Preparation.SupportedLogLogPreparation (25s)
✔ [10953/12240] Built QICLean.Algebra.HermitianUnitaryConjugacy (11s)
✔ [10954/12240] Built TNLean.MPS.Preparation.BlockApproximationError (31s)
✔ [10955/12240] Built TNLean.MPS.Symmetry.StationarySupportPreparation (27s)
✔ [10956/12240] Built TNLean.MPS.FundamentalTheorem.SectorBNT.PowerSumCoefficients (28s)
✔ [10957/12240] Built TNLean.MPS.MPU.SimpleBlocking (31s)
✔ [10958/12240] Built TNLean.MPS.Preparation.DepthLogBound (30s)
✔ [10959/12240] Built TNLean.PEPS.TorusTranslationInvariant (11s)
✔ [10960/12240] Built TNLean.MPS.RFP.BNTDirectSumBasis (29s)
✔ [10961/12240] Built TNLean.MPS.RFP.ResidualIsometry (30s)
✔ [10962/12240] Built TNLean.QCA.RelativeCommutant (13s)
✔ [10963/12240] Built TNLean.MPS.ParentHamiltonian.Martingale.OpenRangeComparison (37s)
✔ [10964/12240] Built TNLean.MPS.MPDO.BNTAlgebraTensorClause (29s)
✔ [10965/12241] Built TNLean.QCA.FiniteLocalRestriction (16s)
✔ [10966/12241] Built TNLean.MPS.BNT (28s)
✔ [10967/12241] Built TNLean.PEPS.RegionBlock.KernelDescent (9.7s)
✔ [10968/12241] Built TNLean.PEPS.NormalSquareComparisonRegion (8.7s)
✔ [10969/12241] Built TNLean.MPS.MPDO.BiCFDerivation.BNTDirectSum (28s)
✔ [10970/12241] Built TNLean.MPS.MPDO.PostBlockedRepresentativeSpan (28s)
✔ [10971/12241] Built TNLean.MPS.ParentHamiltonian.BNTBlockIntersection (28s)
✔ [10972/12241] Built TNLean.QCA.BlockingTranslation (11s)
✔ [10973/12241] Built TNLean.MPS.FundamentalTheorem.SectorBNT.CanonicalFormEqualAmbient (27s)
✔ [10974/12241] Built TNLean.MPS.MPDO.PhysicalSectorCoarseGrainingAction (10s)
✔ [10975/12241] Built TNLean.MPS.Preparation.OrderedMixingScale (27s)
✔ [10976/12241] Built TNLean.MPS.Periodic.Overlap.SectorOverlapTransport (29s)
✔ [10977/12241] Built TNLean.MPS.MPDO.PhysicalSectorClosureBlocks (9.5s)
✔ [10978/12241] Built TNLean.MPS.Preparation.InhomogeneousMixingPreparation (28s)
✔ [10979/12241] Built TNLean.PEPS.InsertionAlgebra (8.6s)
✔ [10980/12241] Built TNLean.MPS.MPDO.PhysicalSectorRefinement (9.2s)
✔ [10981/12241] Built TNLean.MPS.MPU.EncodedJointColumns (8.7s)
✔ [10982/12241] Built QICLean.Algebra.KramersDegeneracy (9.0s)
✔ [10983/12241] Built QICLean.Algebra.MatrixAlgHomCentralizer (7.2s)
✔ [10984/12241] Built TNLean.MPS.MPU.JoiningResetColumns (8.0s)
✔ [10985/12241] Built QICLean.Algebra.HermitianSpectrumPreserver (8.4s)
✔ [10986/12241] Built TNLean.MPS.ParentHamiltonian.Martingale.GroupedProjectorEstimate (32s)
✔ [10987/12241] Built TNLean.MPS.Preparation.CornerReferenceOverlap (21s)
✔ [10988/12241] Built TNLean.QCA.QuasiLocalCommutant (27s)
✔ [10989/12241] Built TNLean.PEPS.TorusRectangleConnectivity (13s)
✔ [10990/12241] Built TNLean.PEPS.TorusSiteTensor (14s)
✔ [10991/12241] Built TNLean.PEPS.TorusCornerRegion (15s)
✔ [10992/12241] Built TNLean.MPS.Preparation.BlockSumUnitary (39s)
✔ [10993/12241] Built TNLean.MPS.Preparation.RepeatedBlockCounterexample (40s)
✔ [10994/12241] Built TNLean.MPS.Preparation.RepeatedBlockSum (40s)
✔ [10995/12241] Built TNLean.MPS.ParentHamiltonian.NormalBlockPrimitiveGauges (41s)
✔ [10996/12241] Built TNLean.MPS.Symmetry.StationarySupportLimitIdentification (41s)
✔ [10997/12241] Built TNLean.MPS.Preparation.NormalGauge (42s)
✔ [10998/12241] Built TNLean.MPS.MPU.MatchingContractions (42s)
✔ [10999/12241] Built TNLean.MPS.MPU.CompositionRanks (44s)
✔ [11000/12241] Built TNLean.MPS.MPU.SuppliedFixedWitnesses (43s)
✔ [11001/12243] Built TNLean.MPS.MPU.GroupRepresentation (43s)
✔ [11002/12243] Built TNLean.MPS.Preparation.TreeMERARegisters (43s)
✔ [11003/12243] Built TNLean.MPS.Preparation.OverlappingBlockGram (47s)
✔ [11004/12243] Built TNLean.MPS.Preparation.LogLogDepthPreparation (45s)
✔ [11005/12243] Built TNLean.MPS.Preparation.OverlappingBlockCounterexample (53s)
✔ [11006/12243] Built TNLean.MPS.Preparation.AllLengthPrescribedSlope (46s)
✔ [11007/12243] Built TNLean.PEPS.RegionBlock.UnionClosure (6.7s)
✔ [11008/12243] Built TNLean.PEPS.VertexComplement.Injective (6.0s)
✔ [11009/12243] Built TNLean.MPS.ParentHamiltonian.CompactParentGap (30s)
✔ [11010/12243] Built TNLean.MPS.RFP.CPSVCanonicalForm (43s)
✔ [11011/12243] Built TNLean.MPS.RFP.ResidualWordSpan (35s)
✔ [11012/12243] Built TNLean.MPS.ParentHamiltonian.Martingale.IntervalKernelTransport (33s)
✔ [11013/12243] Built QICLean.Algebra.MinkowskiCanonicalPair (12s)
✔ [11014/12243] Built TNLean.MPS.Preparation.LogDepthPreparation (55s)
✔ [11015/12243] Built TNLean.QCA.SiteIndexedSupportAlgebra (15s)
✔ [11016/12243] Built TNLean.MPS.MPDO.VerticalTransportCoefficientCovariance (22s)
✔ [11017/12243] Built TNLean.MPS.MPDO.BNTFusionTensorClause (21s)
✔ [11018/12243] Built TNLean.MPS.MPDO.VerticalCoefficientPresentationCounterexample (25s)
✔ [11019/12243] Built TNLean.MPS.MPDO.BondTwoSingletonGramBoundary (23s)
✔ [11020/12244] Built TNLean.MPS.MPDO.PhysicalSectorCoarseGrainingIdentity (12s)
✔ [11021/12244] Built TNLean.MPS.MPDO.TwistedDimerFlagSectors (23s)
✔ [11022/12244] Built TNLean.PEPS.EdgeGaugeFamily (9.5s)
✔ [11023/12244] Built TNLean.MPS.ParentHamiltonian.Martingale.IntervalGapTransport (30s)
✔ [11024/12244] Built TNLean.MPS.MPDO.BiCFDerivation (22s)
✔ [11025/12244] Built TNLean.MPS.RFP.PhysicalObservableRealization (24s)
✔ [11026/12244] Built TNLean.MPS.MPDO.PhysicalSectorRefinementAction (13s)
✔ [11027/12244] Built TNLean.PEPS.FundamentalTheorem.GaugeAction (15s)
✔ [11028/12244] Built TNLean.MPS.MPDO.SourceBNTBlocking (25s)
✔ [11029/12244] Built TNLean.MPS.ParentHamiltonian.PrimitiveBlockWordSpan (24s)
✔ [11030/12244] Built TNLean.PEPS.TorusVirtualString (8.2s)
✔ [11031/12244] Built TNLean.PEPS.TorusRectangleBoundaryCard (9.4s)
✔ [11032/12244] Built TNLean.PEPS.Examples.GHZ (7.9s)
✔ [11033/12244] Built TNLean.MPS.MPDO.RepresentativeGroupedMarkedLemmaL (24s)
✔ [11034/12244] Built TNLean.PEPS.Examples.RVB (10s)
✔ [11035/12244] Built TNLean.PEPS.Examples.Cluster (6.9s)
✔ [11036/12244] Built TNLean.MPS.MPDO.HorizontalCFMPVRepresentation (24s)
✔ [11037/12244] Built TNLean.QCA.InversePropagation (12s)
✔ [11038/12244] Built TNLean.MPS.ParentHamiltonian.BNTBlockDiagonalChain (25s)
✔ [11039/12244] Built TNLean.PEPS.Examples.Classical (6.7s)
✔ [11040/12244] Built TNLean.MPS.Periodic.Overlap.SectorMatch.Propagation (25s)
✔ [11041/12244] Built TNLean.PEPS.TorusIncidentCoordinates (6.9s)
✔ [11042/12244] Built TNLean.MPS.Preparation.InhomogeneousDoeblinPreparation (24s)
✔ [11043/12244] Built TNLean.PEPS.Examples.CZX (6.9s)
✔ [11044/12244] Built TNLean.MPS.MPU.MinimalEncodedParentColumns (20s)
✔ [11045/12244] Built TNLean.MPS.ParentHamiltonian.PGVWC07CutRank (28s)
✔ [11046/12244] Built TNLean.PEPS.TorusParallelSection (7.3s)
✔ [11047/12244] Built TNLean.MPS.Preparation.RectangularTransferEstimate (22s)
✔ [11048/12244] Built TNLean.PEPS.TorusOperatorString (11s)
✔ [11049/12244] Built TNLean.MPS.Preparation.VaryingReferencePreparation (24s)
✔ [11050/12244] Built TNLean.PEPS.Examples.AKLT (18s)
✔ [11051/12244] Built QICLean.Algebra.NilpotentSubspaceTwo (13s)
✔ [11052/12244] Built TNLean.MPS.Preparation.GHZSectorParent (35s)
✔ [11053/12244] Built TNLean.MPS.Preparation.PhaseWeightCounterexample (36s)
✔ [11054/12244] Built TNLean.MPS.Preparation.MeasurementPreparation (36s)
✔ [11055/12244] Built TNLean.MPS.Preparation.RepeatedBlockError (36s)
✔ [11056/12244] Built TNLean.MPS.ParentHamiltonian.BlockDiagonalNormalization (37s)
✔ [11057/12244] Built TNLean.MPS.Symmetry.CompactSupportedSequenceClass (38s)
✔ [11058/12244] Built TNLean.MPS.MPU.SourceUCompleteNetwork (38s)
✔ [11059/12244] Built TNLean.MPS.MPU.SourceYPhysicalContractions (38s)
✔ [11060/12244] Built TNLean.MPS.MPU.SimpleSupportCompression (39s)
✔ [11061/12244] Built TNLean.PEPS.VertexComplement (6.0s)
✔ [11062/12244] Built TNLean.MPS.MPU.SourceVCompleteNetwork (38s)
✔ [11063/12244] Built TNLean.PEPS.NormalEdgeGauge (6.7s)
✔ [11064/12244] Built TNLean.PEPS.NormalPairBlocking (6.9s)
✔ [11065/12244] Built TNLean.MPS.MPU.DaggerInverse (37s)
✔ [11066/12246] Built TNLean.MPS.MPU.ReductionCommonBlocking (38s)
✔ [11067/12246] Built TNLean.MPS.Examples.Z3Anomalous.Z3AnomalousUnitary (38s)
✔ [11068/12246] Built TNLean.MPS.FundamentalTheorem.Reduction.MPOProduct (34s)
✔ [11069/12246] Built TNLean.MPS.Examples.CZX.CZXUnitary (36s)
✔ [11070/12246] Built TNLean.MPS.MPU.GroupCocycleMPO (34s)
✔ [11071/12246] Built TNLean.MPS.Preparation.OverlappingBlockInjectivity (32s)
✔ [11072/12246] Built TNLean.MPS.Examples.AnomalousCondensation.AnomalousCondensationZ2Z2Unitary (46s)
✔ [11073/12246] Built TNLean.MPS.MPU.AdjointSimpleContraction (50s)
✔ [11074/12246] Built TNLean.MPS.Preparation.OverlappingBlockOverlap (35s)
✔ [11075/12246] Built QICLean.Algebra.PerronFrobenius (11s)
✔ [11076/12246] Built TNLean.PEPS.GaugeConsistencyConnectivityCounterexample (9.8s)
✔ [11077/12246] Built TNLean.MPS.MPDO.PhysicalSectorRefinementIdentity (12s)
✔ [11078/12246] Built TNLean.QCA.SupportAlgebraGeneration (17s)
✔ [11079/12246] Built TNLean.MPS.RFP.ResidualFamilySupport (22s)
✔ [11080/12246] Built TNLean.MPS.ParentHamiltonian.CompactNormalParentGap (25s)
✔ [11081/12246] Built TNLean.QCA.SupportAlgebraCovariance (20s)
✔ [11082/12246] Built TNLean.PEPS.FundamentalTheorem.EdgeInsertion (14s)
✔ [11083/12246] Built TNLean.MPS.Preparation.CircuitEquivalence (25s)
✔ [11084/12246] Built TNLean.MPS.MPDO.TwistedDimerProductLaw (23s)
✔ [11085/12246] Built TNLean.QCA.SupportAlgebraCommutation (25s)
✔ [11086/12246] Built TNLean.MPS.MPDO.TwistedDimerVerticalCF (23s)
✔ [11087/12246] Built TNLean.MPS.Preparation.AllLengthPolynomialAccuracy (26s)
✔ [11088/12246] Built TNLean.MPS.RFP.ZCLReverse (22s)
✔ [11089/12246] Built TNLean.MPS.MPDO.BondTwoSingletonBaseModel (26s)
✔ [11090/12246] Built TNLean.MPS.ParentHamiltonian.BlockWordSpanSeparation (16s)
✔ [11091/12246] Built TNLean.MPS.MPDO.CompleteZipperFusionBlocked (18s)
✔ [11092/12246] Built TNLean.MPS.MPDO.CPSVSharpBlocking (18s)
✔ [11093/12246] Built TNLean.PEPS.CZXRectangleBoundary (8.7s)
✔ [11094/12246] Built TNLean.MPS.Preparation.UnequalTreeMERA (32s)
✔ [11095/12246] Built TNLean.PEPS.Examples.ClusterStabilizer (7.6s)
✔ [11096/12246] Built TNLean.MPS.MPDO.BlockedBNTFusionIsometries (18s)
✔ [11097/12246] Built TNLean.MPS.MPDO.VerticalSectorGeneration (18s)
✔ [11098/12246] Built TNLean.MPS.MPDO.BNTTripleFusionSeparation (22s)
✔ [11099/12246] Built TNLean.MPS.ParentHamiltonian.PrimitiveBlockOpenGroundSpace (16s)
✔ [11100/12246] Built TNLean.MPS.ParentHamiltonian.CompactBlockBoundaryInjectivity (17s)
✔ [11101/12247] Built TNLean.QCA.IsQCA (10s)
✔ [11102/12247] Built TNLean.MPS.Preparation.LogLogDepthEveryLength (38s)
✔ [11103/12247] Built TNLean.MPS.ParentHamiltonian.PrimitiveBlockSharpOpenGroundSpace (18s)
✔ [11104/12247] Built TNLean.PEPS.Examples.CZXOnSiteSymmetry (11s)
✔ [11105/12247] Built TNLean.MPS.MPDO.CPSVRepresentativeGroupedLemmaL (20s)
✔ [11106/12247] Built TNLean.PEPS.Examples.QuantumDouble (16s)
✔ [11107/12247] Built TNLean.PEPS.RegularTorusSite (18s)
✔ [11108/12247] Built QICLean.Algebra.NilpotentSubspaceThree (15s)
✔ [11109/12247] Built TNLean.PEPS.TorusGClosure (17s)
✔ [11110/12249] Built TNLean.PEPS.RegularTorusGramExpansion (18s)
✔ [11111/12249] Built TNLean.PEPS.TorusCutBoundary (20s)
✔ [11112/12249] Built TNLean.MPS.MPDO.InvariantProjection (29s)
✔ [11113/12249] Built TNLean.MPS.ParentHamiltonian.BNTBlockDiagonalChainBoundary (28s)
✔ [11114/12249] Built TNLean.MPS.ParentHamiltonian.BNTBlockDiagonalLastCrossing (28s)
✔ [11115/12249] Built TNLean.MPS.ParentHamiltonian.BNTBlockDiagonalSourceNormalization (30s)
✔ [11116/12249] Built TNLean.MPS.MPU.MinimalIntervalMergingCircuit (28s)
✔ [11117/12249] Built TNLean.MPS.ParentHamiltonian.BNTBlockDiagonalCrossing (31s)
✔ [11118/12249] Built TNLean.MPS.Periodic.Overlap.SectorMatch.Consequences (30s)
✔ [11119/12249] Built TNLean.MPS.Examples.WStateCanonicalBound (34s)
✔ [11120/12249] Built QICLean.Algebra.TracePurity (13s)
✔ [11121/12249] Built TNLean.MPS.Preparation.WindowMixingPreparation (31s)
✔ [11122/12249] Built TNLean.MPS.ParentHamiltonian.NormalBlockC1Normalization (30s)
✔ [11123/12249] Built TNLean.MPS.ParentHamiltonian.BlockWordSpanNormalization (29s)
✔ [11124/12249] Built TNLean.MPS.Preparation.RectangularPreparation (34s)
✔ [11125/12249] Built TNLean.MPS.MPU.SimpleTensorEquivalence (27s)
✔ [11126/12249] Built TNLean.MPS.MPU.SourceURetainedInterior (28s)
✔ [11127/12249] Built TNLean.MPS.MPU.CanonicalFormBlocking (24s)
✔ [11128/12249] Built TNLean.MPS.MPU.DaggerInverseGauge (26s)
✔ [11129/12249] Built TNLean.MPS.Symmetry.MPOSymmetry.FusionTensors (26s)
✔ [11130/12249] Built TNLean.MPS.FundamentalTheorem.Reduction (26s)
✔ [11131/12249] Built TNLean.MPS.MPU.GroupCocycleMPO.Instances (26s)
✔ [11132/12249] Built TNLean.MPS.Symmetry.MPOSymmetry.Associator (28s)
✔ [11133/12249] Built TNLean.PEPS.FundamentalTheorem.OneVertexComparison (13s)
✔ [11134/12249] Built TNLean.MPS.MPDO.PhysicalSectorPhysicalMaps (15s)
✔ [11135/12249] Built TNLean.MPS.Examples.CZX.CZXReviewTensor (29s)
✔ [11136/12249] Built TNLean.MPS.Examples.CZX.CZXPlusParity (29s)
✔ [11137/12249] Built TNLean.MPS.Examples.AnomalousCondensation.AnomalousCondensationZ2Z2Adjoint (26s)
✔ [11138/12249] Built TNLean.MPS.MPU.GroupCocycleMPO.FusionAlgebra (27s)
✔ [11139/12249] Built TNLean.MPS.MPU.SourceYTwoNormalization (26s)
✔ [11140/12249] Built TNLean.MPS.MPU.SourceYOneNormalization (25s)
✔ [11141/12249] Built TNLean.MPS.Examples.GHZGInjective (32s)
✔ [11142/12249] Built TNLean.MPS.Preparation.OverlappingBlockError (26s)
✔ [11143/12249] Built TNLean.MPS.ParentHamiltonian.Martingale.NormalOpenGapAtWielandtRange (25s)
✔ [11144/12249] Built TNLean.MPS.Preparation.RepeatedOverlappingBlockOverlap (28s)
✔ [11145/12249] Built TNLean.MPS.RFP.ResidualFamilyCommutation (27s)
✔ [11146/12249] Built QICLean.Algebra.SkewSymmetricMatrix (10s)
✔ [11147/12249] Built TNLean.MPS.MPDO.TwistedDimerBNTAlgebraClause (27s)
✔ [11148/12249] Built TNLean.PEPS.Examples.CZXBoundaryChain (11s)
✔ [11149/12249] Built TNLean.QCA.BlockingQCA (16s)
✔ [11150/12249] Built TNLean.QCA.CompatibleLocalAutomorphism (16s)
✔ [11151/12249] Built TNLean.MPS.ParentHamiltonian.ShortRangeHeisenbergTensor (28s)
✔ [11152/12249] Built TNLean.MPS.MPDO.InjectiveBlockWordSpan (25s)
✔ [11153/12249] Built TNLean.PEPS.Examples.ToricCodePrimal (14s)
✔ [11154/12249] Built TNLean.MPS.ParentHamiltonian.Martingale.PrimitiveBlockGap (26s)
✔ [11155/12249] Built TNLean.PEPS.RegularChargeDetectorMatrix (14s)
✔ [11156/12249] Built TNLean.PEPS.TorusPhysicalMap (10s)
✔ [11157/12249] Built TNLean.PEPS.RegularTorusCompatibility (11s)
✔ [11158/12249] Built TNLean.PEPS.TorusClosureSeams (12s)
✔ [11159/12249] Built TNLean.PEPS.RegularMatrixEquiv (12s)
✔ [11160/12249] Built TNLean.MPS.MPDO.TopologicalProjectors (27s)
✔ [11161/12249] Built QICLean.Algebra.UnitModulusPowerSum (7.4s)
✔ [11162/12249] Built TNLean.PEPS.RegularChargePair (15s)
✔ [11163/12249] Built TNLean.MPS.MPDO.BNTAlgebraTensorClauseOneSiteAmbientSectorMaps (27s)
✔ [11164/12249] Built TNLean.PEPS.TorusCutBoundaryBasis (8.4s)
✔ [11165/12249] Built TNLean.MPS.MPDO.VerticalSectorInvertibility (26s)
✔ [11166/12249] Built TNLean.MPS.MPDO.BNTFixedFinalUnitarity (27s)
✔ [11167/12249] Built TNLean.MPS.MPDO.VerticalSectorTracePreservation (26s)
✔ [11168/12249] Built TNLean.MPS.MPDO.BlockedCompleteZipper (30s)
✔ [11169/12249] Built TNLean.MPS.MPU.ExactBoundedCutRankCircuit (19s)
✔ [11170/12249] Built TNLean.MPS.Examples.RFP.TwistedDimer (64s)
✔ [11171/12249] Built TNLean.MPS.MPDO.PeriodicExclusion (33s)
✔ [11172/12249] Built TNLean.MPS.MPDO.SectorCompressionSeparation (34s)
✔ [11173/12249] Built TNLean.MPS.MPDO.HorizontalBNT (34s)
✔ [11174/12249] Built TNLean.MPS.ParentHamiltonian.BNTBlockDiagonalBoundaryClosing (37s)
✔ [11175/12249] Built TNLean.MPS.MPDO.BondTwoSingletonPhysicalGauge (44s)
✔ [11176/12249] Built TNLean.MPS.ParentHamiltonian.BNTBlockDiagonalCrossingTrace (41s)
✔ [11177/12249] Built TNLean.MPS.Periodic.Overlap.SectorMatch (39s)
✔ [11178/12249] Built TNLean.MPS.Periodic.Overlap.Dichotomy (40s)
✔ [11179/12249] Built TNLean.MPS.ParentHamiltonian.BlockOpenGroundSpaceAtSimultaneousInjectivity (40s)
✔ [11180/12249] Built TNLean.MPS.Examples.WStatePrimeLengthBound (41s)
✔ [11181/12249] Built TNLean.MPS.MPU.SelectedSourceFactorVirtualGauge (40s)
✔ [11182/12249] Built TNLean.MPS.MPU.Index (40s)
✔ [11183/12250] Built TNLean.MPS.MPU.TwoSiteStandardForm (40s)
✔ [11184/12250] Built TNLean.MPS.MPU.StaircaseUnitarity (41s)
✔ [11185/12250] Built TNLean.MPS.Examples.AnomalousCondensation.AnomalousCondensationZ2Z2Instance (40s)
✔ [11186/12250] Built TNLean.MPS.Preparation.RectangularWindowPreparation (42s)
✔ [11187/12250] Built TNLean.MPS.MPU.InverseCompatibleFirstCut (41s)
✔ [11188/12250] Built QICLean.Algebra.SICPOVMBound (46s)
✔ [11189/12250] Built TNLean.PEPS.RegionBlock.Insertion (16s)
✔ [11190/12250] Built TNLean.PEPS.FundamentalTheorem.LocalGaugeExtraction (20s)
✔ [11191/12250] Built TNLean.MPS.MPDO.PhysicalSectorBlockedRFP (21s)
✔ [11192/12250] Built TNLean.MPS.Symmetry.MPOSymmetry.GroupFusion (32s)
✔ [11193/12250] Built TNLean.MPS.Examples.Z3Anomalous.Z3AnomalousRepresentation (44s)
✔ [11194/12250] Built TNLean.MPS.Examples.Z3Anomalous.Z3ClockTensor (34s)
⚠ [11195/12250] Built TNLean.MPS.Examples.CZX.ClusterIsingSymmetry (34s)
warning: TNLean/MPS/Examples/CZX/ClusterIsingSymmetry.lean:34:100: This line exceeds the 100 character limit, please shorten it!

Note: This linter can be disabled with `set_option linter.style.longLine false`
✔ [11196/12250] Built TNLean.MPS.MPU.GroupCocycleMPO.FusionTensors (34s)
✔ [11197/12250] Built TNLean.QCA.NearestNeighborBlocking (21s)
✔ [11198/12250] Built TNLean.MPS.Symmetry.MPOSymmetry.AnomalyObstruction (35s)
✔ [11199/12250] Built TNLean.MPS.Symmetry.MPOSymmetry.AssociatorCohomology (35s)
✔ [11200/12250] Built TNLean.MPS.Symmetry.MPOSymmetry.AssociatorComap (38s)
✔ [11201/12250] Built TNLean.MPS.Symmetry.MPOSymmetry.AssociatorToolkit (38s)
✔ [11202/12250] Built TNLean.PEPS.TorusCutClosureMembership (18s)
✔ [11203/12250] Built TNLean.PEPS.PhysicalProductCut (18s)
✔ [11204/12250] Built TNLean.PEPS.GInjectiveTorusProjector (21s)
✔ [11205/12250] Built TNLean.MPS.MPU.SourceXPhysicalNormalization (42s)
✔ [11206/12250] Built TNLean.MPS.Preparation.RepeatedOverlappingBlockError (42s)
✔ [11207/12250] Built TNLean.PEPS.RegularTwoSiteChargeCoordinates (22s)
✔ [11208/12250] Built TNLean.MPS.Examples.CZX.CZXDecoratedTensor (44s)
✔ [11209/12250] Built TNLean.MPS.ParentHamiltonian.ShortRangeHeisenbergGap (41s)
✔ [11210/12250] Built TNLean.PEPS.RegularChargeReferencePreparation (17s)
✔ [11211/12250] Built TNLean.PEPS.DependentBondNetwork (11s)
✔ [11212/12250] Built TNLean.PEPS.RegularFourier (24s)
✔ [11213/12250] Built TNLean.PEPS.RegularChargePairPreparation (13s)
✔ [11214/12250] Built TNLean.MPS.MPDO.BoundarySourceDecomposition (35s)
✔ [11215/12250] Built TNLean.MPS.Preparation.RelativePositivePart (48s)
✔ [11216/12250] Built TNLean.MPS.MPU.ApproximateBoundedCutRankCircuit (10s)
✔ [11217/12250] Built TNLean.MPS.ParentHamiltonian.Martingale.PrimitiveBlockGapThreshold (31s)
✔ [11218/12250] Built TNLean.MPS.Preparation.OverlappingBlockStates (52s)
✔ [11219/12250] Built TNLean.MPS.ParentHamiltonian.Martingale.PrescribedGap (34s)
✔ [11220/12250] Built TNLean.MPS.MPDO.TopologicalProjectorRecursion (28s)
✔ [11221/12250] Built TNLean.MPS.Preparation.SecondOrderBlockOverlap (57s)
✔ [11222/12252] Built TNLean.MPS.MPDO.VerticalSectorCompletePositivity (22s)
✔ [11223/12252] Built TNLean.MPS.ParentHamiltonian.Martingale.PrimitiveBlockOpenGapAllLengths (45s)
✔ [11224/12252] Built TNLean.MPS.MPDO.StackedLayers (25s)
✔ [11225/12252] Built TNLean.MPS.MPDO.LinearMarkedTensor (25s)
✔ [11226/12252] Built TNLean.MPS.MPDO.HorizontalBlocking (26s)
✔ [11227/12252] Built QICLean.Analysis.TraceNormFrobenius (15s)
✔ [11228/12252] Built TNLean.MPS.MPDO.SimpleTensor (29s)
✔ [11229/12252] Built TNLean.MPS.ParentHamiltonian.BlockPeriodicClosure (29s)
✔ [11230/12252] Built TNLean.MPS.ParentHamiltonian.BNTBlockDiagonalTraceDecomposition (29s)
✔ [11231/12252] Built TNLean.MPS.ParentHamiltonian.BlockDiagonalOneSiteSpan (30s)
✔ [11232/12252] Built TNLean.MPS.ParentHamiltonian.BNTBlockDiagonalPGVWCComparison (31s)
✔ [11233/12252] Built TNLean.PEPS.RegionTransportInsertion (10s)
✔ [11234/12252] Built TNLean.MPS.Periodic.Overlap.NonzeroSubfamily (31s)
✔ [11235/12252] Built QICLean.Algebra (12s)
✔ [11236/12252] Built TNLean.MPS.ParentHamiltonian.Martingale.BlockOpenGapAtSimultaneousInjectivity (31s)
✔ [11237/12252] Built TNLean.PEPS.RegionBlock.ReindexInjectivity (9.5s)
✔ [11238/12252] Built TNLean.MPS.MPU.IndexContinuity (30s)
✔ [11239/12252] Built TNLean.PEPS.RegionBlock.Algebra (10s)
✔ [11240/12252] Built TNLean.MPS.Periodic.FundamentalTheorem (34s)
✔ [11241/12252] Built TNLean.MPS.MPU.SelectedSourceGateVirtualGauge (33s)
✔ [11242/12252] Built TNLean.MPS.MPU.TwoSiteStandardFormCircuit (31s)
✔ [11243/12252] Built TNLean.MPS.FundamentalTheorem.SectorBNT.UnblockedPowerSumCoefficients (37s)
✔ [11244/12252] Built TNLean.PEPS.FundamentalTheorem (10s)
✔ [11245/12252] Built TNLean.MPS.MPU.TwoSiteStandardFormOpenWord (31s)
✔ [11246/12252] Built TNLean.MPS.MPDO.PhysicalSectorCoordinateTransport (11s)
✔ [11247/12252] Built TNLean.MPS.MPU.TruncatedSymmetryUnitarity (27s)
✔ [11248/12252] Built TNLean.MPS.Examples.AnomalousCondensation.AnomalousCondensationZ2Z2Exact (24s)
✔ [11249/12252] Built TNLean.MPS.MPU.InverseCompatibleCutComparison (23s)
✔ [11250/12252] Built TNLean.QCA (10s)
✔ [11251/12252] Built TNLean.PEPS.TorusCutPhysicalMap (14s)
✔ [11252/12252] Built TNLean.PEPS.TorusProjectorExpansion (16s)
✔ [11253/12252] Built TNLean.MPS.Examples.RFP.TwistedDimerPairZeroOne (59s)
✔ [11254/12252] Built TNLean.PEPS.TorusMatchedBondRepresentation (16s)
✔ [11255/12252] Built TNLean.MPS.Symmetry.MPOSymmetry.Examples (25s)
✔ [11256/12252] Built TNLean.PEPS.DependentBondCut (16s)
✔ [11257/12252] Built TNLean.PEPS.DependentBondProjectorExpansion (19s)
✔ [11258/12252] Built TNLean.PEPS.RegularChargeLabels (17s)
✔ [11259/12252] Built TNLean.MPS.Examples.Z3Anomalous.Z3AnomalousDefectProjector (27s)
✔ [11260/12252] Built TNLean.MPS.Examples.Z3Anomalous.Z3ClockDefect (26s)
✔ [11261/12253] Built TNLean.MPS.Symmetry.MPOSymmetry.PBCGroupProjector (27s)
✔ [11262/12253] Built TNLean.MPS.Examples.Z3Anomalous.Z3AnomalyClass (27s)
✔ [11263/12253] Built TNLean.MPS.Symmetry.MPOSymmetry.ClosedFusion (28s)
✔ [11264/12253] Built TNLean.MPS.Examples.KleinSymmetry (27s)
✔ [11265/12253] Built QICLean.Analysis.Dirichlet (11s)
✔ [11266/12253] Built TNLean.MPS.MPDO.BoundaryZipperBlocked (27s)
✔ [11267/12253] Built TNLean.MPS.ParentHamiltonian.Martingale.PrimitiveBlockGapAtC1Range (24s)
✔ [11268/12253] Built TNLean.MPS.MPDO.BoundaryZipperUniqueness (27s)
✔ [11269/12253] Built TNLean.MPS.ParentHamiltonian.Martingale.BlockGapAtSimultaneousInjectivity (25s)
✔ [11270/12253] Built TNLean.MPS.Examples.CZX.CZXDecoratedFusion (35s)
✔ [11271/12253] Built TNLean.MPS.Preparation.RepeatedOverlappingBlockWeights (34s)
✔ [11272/12253] Built TNLean.MPS.MPDO.VerticalSectorIdentity (24s)
✔ [11273/12253] Built TNLean.MPS.Preparation.SectorEncoderRates (27s)
✔ [11274/12253] Built TNLean.MPS.MPDO.Theorem49RepeatedCopyCounterexample (26s)
✔ [11275/12253] Built TNLean.MPS.Symmetry.MPOSymmetry.KramersWannierBimodule (26s)
✔ [11276/12253] Built TNLean.PEPS.RegionTransferCovariance (10s)
✔ [11277/12253] Built TNLean.MPS.MPU.Examples.Shift (27s)
✔ [11278/12253] Built TNLean.MPS.MPDO.BNTLayerOrthogonality (28s)
✔ [11279/12253] Built TNLean.MPS.Symmetry.MPOSymmetry.PermutedBlocks (29s)
✔ [11280/12253] Built TNLean.MPS.MPDO.CPSVOriginalSpaceLemmaL (28s)
✔ [11281/12253] Built TNLean.MPS.MPDO.Simple (27s)
✔ [11282/12253] Built TNLean.MPS.MPDO.FigureEightPairwise (28s)
✔ [11283/12253] Built TNLean.MPS.MPDO.CyclicProjector (32s)
✔ [11284/12253] Built TNLean.MPS.MPDO.CommonWeightAbsorption (27s)
✔ [11285/12253] Built TNLean.MPS.ParentHamiltonian.BlockGroundSpaceAtInjectivityLength (26s)
✔ [11286/12253] Built TNLean.PEPS.NormalFundamentalTheorem (8.4s)
✔ [11287/12253] Built TNLean.PEPS.RegionComplementComparison (7.8s)
✔ [11288/12253] Built TNLean.MPS.Periodic.Overlap (25s)
✔ [11289/12253] Built TNLean.MPS.ParentHamiltonian.CPSVBlockedNearestNeighbor (25s)
✔ [11290/12253] Built TNLean.MPS.RFP.NNCPHMultiSector (25s)
✔ [11291/12253] Built TNLean.MPS.Preparation.SecondOrderBlockError (43s)
✔ [11292/12253] Built TNLean.MPS.ParentHamiltonian.CPSVOriginalRange (28s)
✔ [11293/12253] Built TNLean.PEPS.TorusStateTranslationInvariant (7.9s)
✔ [11294/12253] Built TNLean.PEPS.CycleShiftBondUniformity (9.8s)
✔ [11295/12253] Built TNLean.MPS.Periodic.Symmetry.EqualCaseFTHyp (22s)
✔ [11296/12253] Built TNLean.PEPS.PositivityCounterexamples (8.6s)
✔ [11297/12253] Built TNLean.MPS.Periodic.EqualCase (23s)
✔ [11298/12253] Built TNLean.MPS.Periodic.ProportionalOverlap (24s)
✔ [11299/12253] Built TNLean.MPS.FundamentalTheorem.SectorBNT (21s)
✔ [11300/12257] Built TNLean.MPS.MPDO.OperatorClosurePowerSum (20s)
✔ [11301/12257] Built TNLean.MPS.MPDO.PhysicalSectorPositiveBond (10s)
✔ [11302/12257] Built TNLean.MPS.MPDO.PhysicalSectorPhysicalTransport (10s)
✔ [11303/12257] Built TNLean.PEPS.FundamentalTheorem.Uniqueness (13s)
✔ [11304/12257] Built TNLean.MPS.MPDO.PhysicalSectorVirtualSpanning (10s)
✔ [11305/12257] Built TNLean.MPS.MPDO.SitewisePhysicalMatrix (11s)
✔ [11306/12258] Built TNLean.MPS.FundamentalTheorem.InjectivePhase (21s)
✔ [11307/12258] Built TNLean.PEPS.TorusProjectorExtraction (11s)
✔ [11308/12258] Built TNLean.PEPS.DependentDiagonalContraction (9.2s)
✔ [11309/12258] Built TNLean.PEPS.TorusMatchedProjectorExpansion (11s)
✔ [11310/12258] Built TNLean.PEPS.TorusCutLocalInverse (11s)
✔ [11311/12258] Built TNLean.PEPS.TorusThetaBondState (14s)
✔ [11312/12258] Built TNLean.MPS.MPU.TwoSiteStandardFormResidualWord (22s)
✔ [11313/12258] Built TNLean.PEPS.RegularChargeCompleteMeasurement (13s)
✔ [11314/12258] Built TNLean.PEPS.DependentBondLocalInverse (14s)
✔ [11315/12258] Built QICLean.Analysis.UnitarySchurTriangularization (13s)
✔ [11316/12258] Built TNLean.MPS.MPU.InverseCompatiblePhysicalRanks (22s)
✔ [11317/12258] Built TNLean.MPS.MPU.InverseCompatibleGateIdentity (22s)
✔ [11318/12258] Built QICLean.Channel.Peripheral.CesaroRecurrence (14s)
✔ [11319/12258] Built TNLean.MPS.Examples.RFP.TwistedDimerPairs (23s)
✔ [11320/12258] Built TNLean.MPS.Examples.Z3Anomalous.Z3AnomalyDomainWall (28s)
✔ [11321/12258] Built TNLean.MPS.Examples.Z3Anomalous.Z3AnomalousCocycleBridge (28s)
✔ [11322/12258] Built TNLean.MPS.ParentHamiltonian.Martingale.PrimitiveBlockUniformGap (29s)
✔ [11323/12258] Built TNLean.MPS.MPDO.BoundaryMultiplicity (31s)
✔ [11324/12258] Built TNLean.MPS.Preparation.OneCopyPairState (34s)
✔ [11325/12258] Built TNLean.MPS.Examples.AnomalousCondensation.Z2Z2AnomalyClass (46s)
✔ [11326/12258] Built TNLean.MPS.MPDO.VerticalSectorRelabeling (33s)
✔ [11327/12258] Built TNLean.PEPS.RegionBlock.Recovery (13s)
✔ [11328/12258] Built TNLean.MPS.MPU.Examples.ShiftSwap (34s)
✔ [11329/12258] Built TNLean.MPS.MPU.Examples.ShiftSourceRanks (34s)
✔ [11330/12258] Built TNLean.MPS.Preparation.SectorEncoderPreparation (37s)
✔ [11331/12259] Built TNLean.MPS.Examples.CZX.CZXAnomalyClass (45s)
✔ [11332/12259] Built TNLean.PEPS.RegionBlock.InsertResidual (17s)
✔ [11333/12259] Built TNLean.MPS.MPDO.TwoSitePrefixReflectedMarkedChain (36s)
✔ [11334/12259] Built TNLean.MPS.MPDO.TwistedDimerNotSimple (35s)
✔ [11335/12259] Built TNLean.MPS.MPDO.SimpleScaling (35s)
✔ [11336/12259] Built TNLean.MPS.MPDO.CPSVFigureEight (36s)
✔ [11337/12259] Built TNLean.MPS.MPDO.VerticalReduction (37s)
✔ [11338/12259] Built TNLean.MPS.MPDO.GroupedSectorGram (36s)
✔ [11339/12259] Built QICLean.Analysis.SubperipheralSpectrum (10s)
⚠ [11340/12259] Built TNLean.MPS.Symmetry.MPOSymmetry.DomainWall (44s)
warning: TNLean/MPS/Symmetry/MPOSymmetry/DomainWall.lean:460:100: This line exceeds the 100 character limit, please shorten it!

Note: This linter can be disabled with `set_option linter.style.longLine false`
✔ [11341/12259] Built TNLean.PEPS.CycleMPSConstantDescription (17s)
✔ [11342/12259] Built TNLean.MPS.MPDO.BNTClosingSelection (30s)
✔ [11343/12259] Built TNLean.MPS.ParentHamiltonian.BlockPeriodicGroundSpaceContinuity (42s)
✔ [11344/12259] Built TNLean.MPS.MPDO.CZXFusionTensors (55s)
✔ [11345/12259] Built TNLean.MPS.RFP.NNCPHGroundSpacesMultiSector (31s)
✔ [11346/12259] Built TNLean.MPS.MPDO.PhysicalSectorBondCommutativity (17s)
✔ [11347/12259] Built TNLean.MPS.MPDO.PhysicalSectorTraceMatrix (20s)
✔ [11348/12260] Built TNLean.MPS.ParentHamiltonian.CanonicalBlockGroundSpaceAtInjectivityLength (33s)
✔ [11349/12260] Built TNLean.MPS.MPU.KetLeftMul (20s)
✔ [11350/12260] Built TNLean.MPS.MPDO.SitewisePhysicalRecovery (20s)
✔ [11351/12260] Built TNLean.MPS.Periodic.Symmetry.Corollary41 (35s)
✔ [11352/12260] Built QICLean.Analysis.Birkhoff (20s)
✔ [11353/12260] Built TNLean.MPS.Periodic.Symmetry.Theorem41Defs (36s)
✔ [11354/12260] Built TNLean.PEPS.TorusCutCoefficientExtraction (24s)
✔ [11355/12260] Built TNLean.MPS.Periodic.PhaseClasses (37s)
✔ [11356/12260] Built TNLean.MPS.Periodic.EqualCaseGlobal.Basic (40s)
✔ [11357/12260] Built TNLean.PEPS.DependentBondCoefficients (26s)
✔ [11358/12260] Built TNLean.PEPS.GInjectiveTorusSectors (25s)
✔ [11359/12260] Built TNLean.PEPS.TorusPhysicalBondRegrouping (25s)
✔ [11360/12260] Built TNLean.PEPS.TorusCutProjectorExpansion (25s)
✔ [11361/12260] Built TNLean.PEPS.TorusMatchedCutClosureMembership (26s)
✔ [11362/12260] Built TNLean.MPS.MPU.LengthDependentPhase (47s)
✔ [11363/12260] Built TNLean.MPS.FundamentalTheorem (47s)
✔ [11364/12260] Built TNLean.MPS.MPDO.BNTAlgebraTensorClausePositivity (48s)
✔ [11365/12261] Built TNLean.MPS.Symmetry.PositiveLengthSymmetryCharacter (47s)
✔ [11366/12261] Built TNLean.PEPS.DependentLiftedCut (28s)
✔ [11367/12261] Built TNLean.PEPS.RegionBlock.Realization (17s)
✔ [11368/12261] Built TNLean.PEPS.RegionBlock.GaugeBridgeExpansion (21s)
✔ [11369/12261] Built TNLean.MPS.Symmetry.TimeReversalIndex (52s)
✔ [11370/12261] Built TNLean.MPS.Examples.RFP (45s)
✔ [11371/12261] Built TNLean.MPS.MPU.InverseCompatibleComparisonUnitarity (46s)
✔ [11372/12261] Built TNLean.MPS.MPU.AnchoredThreeBlockOperator (49s)
✔ [11373/12261] Built TNLean.PEPS.RegionBlock.ScalarExtraction (22s)
✔ [11374/12261] Built TNLean.MPS.Examples.Z3Anomalous (46s)
✔ [11375/12261] Built TNLean.MPS.ParentHamiltonian.Martingale.BlockDiagonalGap (46s)
✔ [11376/12261] Built TNLean.MPS.Examples.AnomalousCondensation (43s)
✔ [11377/12261] Built TNLean.MPS.MPDO.VerticalSectorCoefficientComparison (43s)
✔ [11378/12261] Built QICLean.Analysis.ConicProgram (28s)
✔ [11379/12261] Built TNLean.MPS.Preparation.BlockSumError (48s)
✔ [11380/12261] Built TNLean.MPS.Examples.KleinSymmetryAnomaly (37s)
✔ [11381/12261] Built TNLean.MPS.Examples.CZX.CZXNoInvariant (32s)
✔ [11382/12261] Built TNLean.MPS.MPU.StandardFormParityCounterexample (32s)
✔ [11383/12261] Built QICLean.Analysis.UpperTriangularBound (13s)
✔ [11384/12261] Built TNLean.MPS.MPDO.AreaLawScaling (29s)
✔ [11385/12261] Built TNLean.MPS.MPU.Examples.ShiftSourceFactors (50s)
✔ [11386/12262] Built TNLean.MPS.Symmetry.MPOSymmetry.CZXPermutedBlocks (46s)
✔ [11387/12262] Built TNLean.MPS.Examples.CZX.CZXReviewCanonicalForm (38s)
✔ [11388/12262] Built TNLean.MPS.Preparation.CoherentGroundspaceConversion (47s)
✔ [11389/12262] Built TNLean.MPS.MPDO.CPSVExample412NormalizedRFP (33s)
✔ [11390/12262] Built TNLean.MPS.MPDO.VerticalSpectral (23s)
✔ [11391/12262] Built TNLean.MPS.MPDO.CPSVPeriodicExclusion (22s)
✔ [11392/12262] Built TNLean.MPS.MPDO.GroupedGramNormalization (21s)
✔ [11393/12262] Built TNLean.MPS.Examples.Fibonacci.FibonacciGSymbol (38s)
✔ [11394/12262] Built TNLean.MPS.MPDO.NeighboringTraceObstruction (11s)
✔ [11395/12262] Built TNLean.MPS.MPDO.PhysicalSectorBondTransport (15s)
✔ [11396/12262] Built TNLean.MPS.Examples.Ising.IsingFusionAlgebra (27s)
✔ [11397/12262] Built TNLean.MPS.Symmetry.MPOSymmetry.DomainWallFamily (21s)
⚠ [11398/12263] Built QICLean.Analysis.ConvexHullCompact (8.8s)
warning: QICLean/Analysis/ConvexHullCompact.lean:65:4: `stdSimplex` has been deprecated: Use `Convexity.StdSimplex` instead

Note: The updated constant has a different type:
  (R : Type u) → [LE R] → [AddCommMonoid R] → [One R] → Type v → Type (max u v)
instead of
  (𝕜 : Type u_2) → (ι : Type u_1) → [Semiring 𝕜] → [PartialOrder 𝕜] → [Fintype ι] → Set (ι → 𝕜)
warning: QICLean/Analysis/ConvexHullCompact.lean:70:12: `isCompact_stdSimplex` has been deprecated: Use `Convexity.StdSimplex.compactSpace` instead

Note: The updated constant has a different type:
  ∀ (R : Type u_1) (M : Type u_2) [inst : Ring R] [inst_1 : TopologicalSpace R] [IsTopologicalRing R]
    [inst_3 : PartialOrder R] [inst_4 : IsStrictOrderedRing R] [CompactIccSpace R] [OrderClosedTopology R] [Finite M],
    CompactSpace (Convexity.StdSimplex R M)
instead of
  ∀ (𝕜 : Type u_1) (ι : Type u_2) [inst : Fintype ι] [inst_1 : TopologicalSpace 𝕜] [inst_2 : Semiring 𝕜]
    [inst_3 : PartialOrder 𝕜] [OrderClosedTopology 𝕜] [ContinuousAdd 𝕜] [CompactIccSpace 𝕜] [IsOrderedAddMonoid 𝕜],
    IsCompact (stdSimplex 𝕜 ι)
warning: QICLean/Analysis/ConvexHullCompact.lean:99:23: `stdSimplex` has been deprecated: Use `Convexity.StdSimplex` instead

Note: The updated constant has a different type:
  (R : Type u) → [LE R] → [AddCommMonoid R] → [One R] → Type v → Type (max u v)
instead of
  (𝕜 : Type u_2) → (ι : Type u_1) → [Semiring 𝕜] → [PartialOrder 𝕜] → [Fintype ι] → Set (ι → 𝕜)
✔ [11399/12263] Built TNLean.MPS.MPDO.BNTThreeSiteReducedClosure (20s)
✔ [11400/12263] Built TNLean.MPS.Symmetry.MPOSymmetry.DomainWallExchange (21s)
✔ [11401/12263] Built TNLean.MPS.ParentHamiltonian.Martingale.CanonicalGapAtSimultaneousInjectivity (18s)
✔ [11402/12263] Built TNLean.MPS.ParentHamiltonian.CompactBlockParentGap (24s)
✔ [11403/12263] Built TNLean.MPS.MPDO.CZXFusionActionCoordinates (26s)
✔ [11404/12263] Built TNLean.PEPS.RegularGInjectiveTorus (15s)
✔ [11405/12263] Built TNLean.PEPS.GInjectiveTorusSectorCount (15s)
✔ [11406/12263] Built TNLean.PEPS.DependentCutBondSupport (16s)
✔ [11407/12263] Built TNLean.PEPS.TorusCutAverageProjection (18s)
✔ [11408/12263] Built TNLean.PEPS.TorusPhysicalCoherentMap (17s)
✔ [11409/12263] Built TNLean.MPS.ParentHamiltonian.CanonicalBoundedRangeGroundSpace (27s)
✔ [11410/12263] Built TNLean.PEPS.RegionBlock.Recovery2 (18s)
✔ [11411/12263] Built TNLean.PEPS.RegionBlock.GaugeBridge (17s)
✔ [11412/12263] Built TNLean.MPS.Periodic.RefinementSuppliedRootObstruction (27s)
✔ [11413/12263] Built TNLean.PEPS.DependentLiftedCutReconstruction (19s)
✔ [11414/12263] Built TNLean.MPS.MPU.Examples.ShiftTilde (28s)
✔ [11415/12263] Built TNLean.MPS.Periodic.Symmetry.Theorem41OneSite (27s)
✔ [11416/12263] Built TNLean.MPS.Periodic.OrbitUnitary (27s)
⚠ [11417/12263] Built QICLean.Analysis.CyclicReciprocal (21s)
warning: QICLean/Analysis/CyclicReciprocal.lean:103:44: `stdSimplex` has been deprecated: Use `Convexity.StdSimplex` instead

Note: The updated constant has a different type:
  (R : Type u) → [LE R] → [AddCommMonoid R] → [One R] → Type v → Type (max u v)
instead of
  (𝕜 : Type u_2) → (ι : Type u_1) → [Semiring 𝕜] → [PartialOrder 𝕜] → [Fintype ι] → Set (ι → 𝕜)
✔ [11418/12263] Built TNLean.MPS.Periodic.Symmetry.Theorem41Forward (30s)
✔ [11419/12263] Built TNLean.MPS.Periodic.EqualCaseGlobal.Canonical (28s)
✔ [11420/12263] Built TNLean.MPS.MPDO.PositiveMinimalRealizationCounterexample (27s)
✔ [11421/12263] Built TNLean.MPS.Examples.AKLTTimeReversal (26s)
✔ [11422/12263] Built TNLean.MPS.MPU.InverseCompatibleGates (23s)
✔ [11423/12263] Built QICLean.Analysis.DeterminantTraceBound (14s)
✔ [11424/12263] Built TNLean.MPS.Symmetry.SpinHalfObstruction (29s)
✔ [11425/12263] Built TNLean.MPS.MPU.InverseCompatibleSourceFactors (24s)
✔ [11426/12263] Built TNLean.MPS.MPDO.VerticalBlockedOperatorRepresentations (24s)
✔ [11427/12263] Built TNLean.MPS.MPDO.ActiveSectorTraceMatrixZCL (16s)
✔ [11428/12263] Built TNLean.MPS.Preparation.NonNormalMeasurementPreparation (28s)
✔ [11429/12263] Built TNLean.MPS.MPDO.PhysicalSectorBondTwoSite (19s)
✔ [11430/12265] Built QICLean.Channel.Peripheral.SchurAsymptoticConvergence (32s)
✔ [11431/12265] Built TNLean.MPS.MPU.Examples.ShiftSwapMatrices (31s)
✔ [11432/12265] Built TNLean.MPS.MPU.IdentityIndex (33s)
✔ [11433/12265] Built TNLean.MPS.MPU.Examples.ShiftSourceGateFormulas (33s)
✔ [11434/12265] Built TNLean.MPS.MPU.Examples.ShiftIndex (35s)
✔ [11435/12265] Built TNLean.MPS.MPDO.TwistedDimerFactorStates (34s)
✔ [11436/12265] Built QICLean.Analysis.DifferentiableInnerAction (18s)
✔ [11437/12265] Built TNLean.MPS.Examples.CZX.CZXDomainWalls (37s)
✔ [11438/12265] Built TNLean.MPS.MPDO.NormalizedGroupedSectors (37s)
✔ [11439/12265] Built TNLean.MPS.MPDO.VerticalBNT (38s)
✔ [11440/12266] Built TNLean.MPS.Examples.Fibonacci.FibonacciGoldenChain (39s)
✔ [11441/12266] Built TNLean.PEPS.RegularGInjectiveTorusRank (25s)
✔ [11442/12266] Built TNLean.MPS.Examples.Ising.IsingSigmaProduct (47s)
✔ [11443/12266] Built TNLean.PEPS.Examples.ToricCodeTorusSectors (29s)
✔ [11444/12266] Built TNLean.PEPS.RegionBlock.Recovery3 (24s)
✔ [11445/12266] Built TNLean.PEPS.DependentCutCoefficientSupport (28s)
✔ [11446/12266] Built TNLean.PEPS.DependentOpenBondSupport (29s)
✔ [11447/12266] Built TNLean.PEPS.DependentPartialAverageSupport (31s)
✔ [11448/12266] Built TNLean.PEPS.DependentLiftedCutIntersection (26s)
✔ [11449/12266] Built TNLean.MPS.Examples.Fibonacci.FibonacciStringNetUnit (64s)
✔ [11450/12267] Built TNLean.PEPS.RegionBlock.GaugeInjectivity (28s)
✔ [11451/12267] Built TNLean.MPS.MPDO.BNTSourceSectorProjectors (47s)
✔ [11452/12267] Built TNLean.MPS.ParentHamiltonian.Martingale.ParentInteractionGap (43s)
✔ [11453/12267] Built TNLean.MPS.ParentHamiltonian.PhysicalActionWordTupleSpan (42s)
✔ [11454/12267] Built TNLean.MPS.Symmetry.MPOSymmetry.DomainWallString (49s)
✔ [11455/12267] Built TNLean.MPS.Preparation.SectorEncoderGroundspace (36s)
✔ [11456/12267] Built TNLean.MPS.MPDO.PhysicalSectorBondPairwise (12s)
✔ [11457/12267] Built TNLean.MPS.MPDO.CyclicActiveSectorRestriction (13s)
✔ [11458/12268] Built TNLean.MPS.Periodic.Symmetry.Theorem41Reverse (35s)
✔ [11459/12268] Built QICLean.Analysis.FiniteCoordinateNowosad.Recursion (13s)
✔ [11460/12268] Built TNLean.MPS.Periodic.EqualCaseGlobal.IrreducibleForm (28s)
✔ [11461/12268] Built TNLean.MPS.Examples.Ising.IsingFusionAlgebraSigma (73s)
✔ [11462/12268] Built TNLean.MPS.MPDO.PositiveLinearExtensionCounterexample (28s)
✔ [11463/12269] Built TNLean.MPS.Examples.Ising.IsingFusionAlgebraOnePsi (72s)
✔ [11464/12269] Built TNLean.MPS.Examples.Ising.IsingFusionAlgebraPsiSigma (75s)
✔ [11465/12269] Built TNLean.MPS.Examples.Ising.IsingFusionAlgebraOneSigma (75s)
✔ [11466/12269] Built TNLean.MPS.MPU.InverseCompatibleWordAdjoint (30s)
✔ [11467/12269] Built TNLean.MPS.MPU.InverseCompatibleSourceTransport (29s)
✔ [11468/12269] Built TNLean.PEPS.RegionBlock.Recovery4 (14s)
✔ [11469/12269] Built TNLean.PEPS.Examples.ToricCodeTorusAmplitudes (18s)
✔ [11470/12269] Built QICLean.Analysis.AsymptoticStateConvergence (32s)
✔ [11471/12269] Built TNLean.MPS.MPU.TensorProductIndex (31s)
✔ [11472/12269] Built TNLean.MPS.MPU.Examples.ShiftSourceBlockedFormulas (31s)
✔ [11473/12269] Built TNLean.MPS.MPU.Examples.ShiftNormalizedSourceFactors (29s)
✔ [11474/12270] Built TNLean.PEPS.DependentOpenCutIntersection (18s)
✔ [11475/12270] Built TNLean.PEPS.RegionBlock.GaugeInjectivityBoundaryCoupling (11s)
✔ [11476/12270] Built TNLean.MPS.MPU.Examples.ShiftBlockedIndex (31s)
✔ [11477/12270] Built TNLean.MPS.Examples.CZX.CZXDomainWallExchange (31s)
✔ [11478/12271] Built TNLean.MPS.MPDO.CommutingFormBridge (12s)
✔ [11479/12271] Built TNLean.MPS.MPDO.TwistedDimerBondRFP (32s)
✔ [11480/12271] Built TNLean.MPS.MPDO.CPSVVerticalBNT (30s)
✔ [11481/12271] Built TNLean.MPS.MPDO.CyclicActiveThreeBoundaryTrace (13s)
✔ [11482/12271] Built TNLean.MPS.MPDO.RetainedClass (30s)
✔ [11483/12271] Built TNLean.MPS.Preparation.OverlappingMeasurementPreparation (49s)
✔ [11484/12271] Built QICLean.Analysis.HermitianIntertwiner (16s)
✔ [11485/12272] Built QICLean.Analysis.FiniteCoordinateNowosad (16s)
✔ [11486/12272] Built QICLean.Analysis.HermitianUnitaryPath (15s)
✔ [11487/12272] Built TNLean.MPS.ParentHamiltonian.Martingale.CanonicalGapAtBoundedRange (28s)
✔ [11488/12272] Built TNLean.PEPS.RegionBlock.RecoveryOutRegionEndpoint (12s)
✔ [11489/12272] Built TNLean.MPS.MPDO.BNTProjectorSelection (30s)
✔ [11490/12273] Built TNLean.MPS.ParentHamiltonian.CompactParentInteractionGap (31s)
✔ [11491/12273] Built TNLean.MPS.Symmetry.MPOSymmetry.DomainWallStringExchange (32s)
✔ [11492/12273] Built TNLean.MPS.Periodic.Symmetry.RefinementFromInvertibleWordSpan (29s)
✔ [11493/12273] Built TNLean.MPS.Periodic.Symmetry.Theorem41Bundle (29s)
✔ [11494/12273] Built TNLean.MPS.Periodic.Symmetry.RefinementNormalizationCounterexample (28s)
✔ [11495/12273] Built TNLean.MPS.Periodic.Symmetry.RefinementFromInjectiveTransfer (29s)
✔ [11496/12273] Built QICLean.Analysis.JordanBlockAsymptotics (12s)
✔ [11497/12273] Built QICLean.Analysis.JordanSimilarity (12s)
✔ [11498/12273] Built TNLean.MPS.Periodic.EqualCaseGlobal (29s)
✔ [11499/12273] Built TNLean.PEPS.ParentHamiltonian.ThreeBlockDependentCutIntersection (14s)
✔ [11500/12273] Built TNLean.MPS.MPDO.CommutingOverlappingCoordinates (13s)
✔ [11501/12273] Built TNLean.MPS.Examples.Ising.IsingThreeObjectTwist (28s)
⚠ [11502/12273] Built TNLean.MPS.Symmetry.MPOSymmetry.IsingFusion (29s)
warning: TNLean/MPS/Symmetry/MPOSymmetry/IsingFusion.lean:121:2: `simp [isingFusion, Fin.sum_univ_three, h0] at hψ hσ` is a flexible tactic modifying `hψ`. Try `simp?` and use the suggested `simp only [...]`. Alternatively, use `suffices` to explicitly state the simplified form.

Note: This linter can be disabled with `set_option linter.flexible false`
info: TNLean/MPS/Symmetry/MPOSymmetry/IsingFusion.lean:122:2: `have hψ1 : m 1 = 1 := by simpa using hψ`
uses `hψ`, which was modified by the flexible tactic `simp` on line 121!
warning: TNLean/MPS/Symmetry/MPOSymmetry/IsingFusion.lean:121:2: `simp [isingFusion, Fin.sum_univ_three, h0] at hψ hσ` is a flexible tactic modifying `hσ`. Try `simp?` and use the suggested `simp only [...]`. Alternatively, use `suffices` to explicitly state the simplified form.

Note: This linter can be disabled with `set_option linter.flexible false`
info: TNLean/MPS/Symmetry/MPOSymmetry/IsingFusion.lean:123:2: `rw [hψ1] at hσ`
uses `hσ`, which was modified by the flexible tactic `simp` on line 121!
✔ [11503/12273] Built TNLean.MPS.MPU.InverseCompatibleMovement (27s)
✔ [11504/12273] Built TNLean.MPS.MPU.InverseCompatibleTruncation (29s)
✔ [11505/12274] Built TNLean.MPS.MPU.InverseCompatibleSourceProperties (28s)
✔ [11506/12274] Built QICLean.Analysis.FiniteCoordinateNowosad.Yamagami (17s)
✔ [11507/12276] Built TNLean.PEPS.RegionBlock.Recovery7 (15s)
✔ [11508/12276] Built TNLean.MPS.MPU.Examples.ShiftStandardForms (33s)
✔ [11509/12276] Built TNLean.PEPS.RegionBlock.BlockRangeCoincidence (15s)
✔ [11510/12276] Built QICLean.Analysis.KroneckerExponential (17s)
✔ [11511/12276] Built TNLean.MPS.Examples.Fibonacci.FibonacciStringNetFusion (63s)
✔ [11512/12276] Built TNLean.MPS.MPDO.FixedBondProductTensor (39s)
✔ [11513/12276] Built QICLean.Analysis.LiebSubBoundary (25s)
✔ [11514/12276] Built TNLean.MPS.MPDO.VerticalBNTConstruction (41s)
✔ [11515/12276] Built TNLean.MPS.MPDO.RFPViaTSGlobal (45s)
✔ [11516/12276] Built TNLean.MPS.Preparation.QCccClassification (44s)
✔ [11517/12277] Built TNLean.MPS.Preparation.OverlappingLogLogPreparation (48s)
✔ [11518/12277] Built TNLean.MPS.ParentHamiltonian.Martingale (46s)
✔ [11519/12278] Built TNLean.MPS.MPDO.TwistedDimerBondSimple (58s)
✔ [11520/12278] Built TNLean.PEPS.ParentHamiltonian.ThreeBlockOpenBoundaryLocalization (30s)
✔ [11521/12278] Built TNLean.MPS.MPDO.CommutingFormSpatialBridge (29s)
✔ [11522/12278] Built TNLean.MPS.MPDO.PhysicalSupportRestriction (48s)
✔ [11523/12278] Built TNLean.MPS.MPDO.BNTSectorAnalyticProperties (49s)
✔ [11524/12278] Built TNLean.MPS.MPDO.BNTSeparatingProjectors (50s)
✔ [11525/12278] Built TNLean.MPS.MPDO.BNTBoundaryDecomposition (49s)
✔ [11526/12278] Built TNLean.PEPS.RegionBlock.Recovery8 (9.7s)
✔ [11527/12278] Built TNLean.MPS.Examples.CZX.CZXDomainWallString (50s)
✔ [11528/12278] Built QICLean.Analysis.OperatorMean.MatrixPowers (16s)
✔ [11529/12278] Built QICLean.Analysis.FiniteCoordinateNowosad.Yamagami.TwoMaxima (11s)
✔ [11530/12280] Built TNLean.MPS.Periodic.Symmetry (42s)
✔ [11531/12280] Built TNLean.MPS.Symmetry.MPOSymmetry.DomainWallDetector (43s)
✔ [11532/12280] Built TNLean.MPS.Periodic.IrreducibleFormPeriods (42s)
✔ [11533/12280] Built TNLean.MPS.Periodic.PhaseClassGrouping (42s)
✔ [11534/12280] Built TNLean.PEPS.OpenRegionContraction (12s)
✔ [11535/12280] Built TNLean.PEPS.TorusFundamentalTheorem (14s)
✔ [11536/12280] Built TNLean.MPS.MPU.InverseCompatibleWordUnitarity (29s)
✔ [11537/12280] Built TNLean.MPS.Examples.Ising.IsingDimension (33s)
✔ [11538/12280] Built TNLean.MPS.ParentHamiltonian.PositivePhysicalDeformationGap (59s)
✔ [11539/12281] Built TNLean.MPS.MPU.InverseCompatibleFamilyProperties (27s)
✔ [11540/12281] Built QICLean.Analysis.SandwichedRenyi (13s)
✔ [11541/12281] Built QICLean.Analysis.RpowConvexity (21s)
✔ [11542/12281] Built TNLean.PEPS.ParentHamiltonian.ThreeBlockOpenBoundaryContraction (20s)
✔ [11543/12281] Built TNLean.MPS.MPDO.CommutingBondEtaDecomposition (20s)
✔ [11544/12281] Built TNLean.MPS.Examples.Fibonacci (29s)
✔ [11545/12281] Built TNLean.MPS.Examples.Ising.IsingThreeObjectGauge (51s)
✔ [11546/12281] Built TNLean.PEPS.RegionBlock.Recovery9 (18s)
✔ [11547/12281] Built QICLean.Analysis.SemidefiniteProgram (13s)
✔ [11548/12281] Built TNLean.MPS.MPDO.RFPViaTSPositivity (29s)
✔ [11549/12283] Built QICLean.Analysis.OperatorMean.WeightedGeometricMean (17s)
✔ [11550/12283] Built TNLean.MPS.MPDO.VerticalProductReconstruction (30s)
✔ [11551/12283] Built TNLean.MPS.MPDO.VerticalCanonicalFormConstruction (32s)
✔ [11552/12283] Built TNLean.MPS.MPDO.RFPViaTSSAL (31s)
✔ [11553/12283] Built TNLean.MPS.MPDO.RFPViaTSBlocking (28s)
✔ [11554/12284] Built TNLean.MPS.MPDO.StrongRFPRankGrowth (29s)
✔ [11555/12284] Built TNLean.PEPS.ParentHamiltonian.RegionGroundSpace (7.6s)
✔ [11556/12285] Built TNLean.MPS.MPDO.PhysicalSupportSALTransport (27s)
✔ [11557/12285] Built TNLean.MPS.MPDO.PhysicalSupportRestrictionComparison (28s)
✔ [11558/12285] Built TNLean.MPS.MPDO.BNTSectorCoefficientPositivity (28s)
✔ [11559/12286] Built TNLean.PEPS.RegionPhysicalMap (8.3s)
✔ [11560/12286] Built TNLean.MPS.Examples.CZX (25s)
✔ [11561/12286] Built TNLean.MPS.MPDO.BNTSectorAreaLaw (28s)
✔ [11562/12286] Built TNLean.PEPS.RegularOpenRegion (12s)
✔ [11563/12286] Built TNLean.MPS.Symmetry.MPOSymmetry (21s)
✔ [11564/12287] Built QICLean.Analysis.TwoProjectionAngleBlock (12s)
✔ [11565/12287] Built TNLean.PEPS.RegionBlock.RecoveryCoefficientTransfer (11s)
✔ [11566/12287] Built TNLean.PEPS.RegionBlock.AbsorbedEquality (11s)
✔ [11567/12287] Built TNLean.PEPS.ParentHamiltonian.ThreeBlockOpenBoundaryRegional (15s)
✔ [11568/12287] Built TNLean.MPS.MPDO.CommutingBondEtaCyclicCore (17s)
✔ [11569/12287] Built QICLean.Analysis.OperatorMean (15s)
✔ [11570/12287] Built TNLean.MPS.Periodic.RefinementNormalization (28s)
✔ [11571/12287] Built QICLean.Analysis.SemidefiniteDuality (22s)
✔ [11572/12287] Built QICLean.Analysis.WeightedCesaroMean (16s)
✔ [11573/12287] Built TNLean.PEPS.ParentHamiltonian.RegionParentHamiltonian (20s)
✔ [11574/12287] Built TNLean.MPS.MPU.InverseCompatiblePeriodicComposition (31s)
✔ [11575/12289] Built TNLean.PEPS.ParentHamiltonian.CycleGroundSpace (24s)
✔ [11576/12289] Built TNLean.MPS.ParentHamiltonian.IsometricDeformation (32s)
✔ [11577/12289] Built TNLean.PEPS.ParentHamiltonian.InjectiveVertexCoordinates (19s)
✔ [11578/12289] Built TNLean.PEPS.SemiRegularBondState (18s)
✔ [11579/12289] Built QICLean.Analysis.YamagamiBoundary (23s)
✔ [11580/12289] Built TNLean.MPS.Examples.Ising.IsingGSymbol (38s)
✔ [11581/12289] Built TNLean.PEPS.GraphBondContraction (20s)
✔ [11582/12289] Built TNLean.PEPS.RegularPhysicalCutColumnAction (19s)
✔ [11583/12289] Built TNLean.PEPS.Examples.CZXOpenRegion (25s)
⚠ [11584/12289] Built TNLean.PEPS.RegionBlock.RegionReconcile (8.6s)
warning: TNLean/PEPS/RegionBlock/RegionReconcile.lean:67:100: This line exceeds the 100 character limit, please shorten it!

Note: This linter can be disabled with `set_option linter.style.longLine false`
warning: TNLean/PEPS/RegionBlock/RegionReconcile.lean:148:100: This line exceeds the 100 character limit, please shorten it!

Note: This linter can be disabled with `set_option linter.style.longLine false`
✔ [11585/12289] Built TNLean.PEPS.RegularRegionCounting (15s)
✔ [11586/12289] Built TNLean.PEPS.RegularRegionConnectivity (15s)
✔ [11587/12289] Built TNLean.PEPS.RegularRegionGramExpansion (14s)
✔ [11588/12289] Built TNLean.MPS.MPDO.VerticalBNTGrouping (37s)
✔ [11589/12289] Built TNLean.MPS.MPDO.VerticalCopyBlocks (38s)
✔ [11590/12289] Built TNLean.MPS.MPDO.FibonacciPeriodicRank (37s)
✔ [11591/12289] Built TNLean.PEPS.TorusAbsorbedCovariance (9.1s)
✔ [11592/12289] Built TNLean.PEPS.GraphOpenRegionContraction (18s)
✔ [11593/12289] Built QICLean.Analysis.TwoProjectionCompressionSpectrum (13s)
✔ [11594/12290] Built TNLean.PEPS.RegionBlock.UnionInjectivityGeneral (11s)
✔ [11595/12290] Built QICLean.Analysis.YamagamiCyclicMatrix (14s)
✔ [11596/12290] Built TNLean.MPS.MPDO.CPSVExample411Ambient (36s)
✔ [11597/12290] Built TNLean.MPS.MPDO.PhysicalIsometricEmbedding (39s)
✔ [11598/12290] Built TNLean.MPS.Symmetry.PhysicalSpectatorCoordinates (10s)
✔ [11599/12290] Built TNLean.MPS.MPDO.PhysicalSectorProductRealization (11s)
✔ [11600/12290] Built TNLean.MPS.MPDO.CaseIIAbsorptionCounterexample (44s)
✔ [11601/12290] Built TNLean.PEPS.RegionBlock.ProportionalityFromAbsorbed (14s)
✔ [11602/12290] Built TNLean.PEPS.ParentHamiltonian.GraphDependentCutCoordinates (15s)
✔ [11603/12290] Built TNLean.PEPS.ParentHamiltonian.VertexBondCoordinates (16s)
✔ [11604/12290] Built TNLean.PEPS.SemiRegularBondSupport (15s)
✔ [11605/12290] Built TNLean.PEPS.RegularCoherentGlobalTransport (19s)
✔ [11606/12290] Built TNLean.PEPS.ParentHamiltonian.RegionGroundSpaceNesting (18s)
✔ [11607/12292] Built TNLean.PEPS.ParentHamiltonian.InjectiveRegionParentTransport (17s)
✔ [11608/12292] Built TNLean.PEPS.ParentHamiltonian.RegionParentComparison (19s)
✔ [11609/12292] Built TNLean.PEPS.ParentHamiltonian.RegionPhysicalDeformation (19s)
✔ [11610/12292] Built QICLean.Analysis.YamagamiRegularBoundary (19s)
✔ [11611/12292] Built TNLean.PEPS.ParentHamiltonian.RegionReducedDensity (20s)
⚠ [11612/12292] Built TNLean.PEPS.RegionBlock.BlockCoeffTransfer (13s)
warning: TNLean/PEPS/RegionBlock/BlockCoeffTransfer.lean:395:100: This line exceeds the 100 character limit, please shorten it!

Note: This linter can be disabled with `set_option linter.style.longLine false`
✔ [11613/12292] Built TNLean.PEPS.GraphPhysicalMap (18s)
✔ [11614/12292] Built TNLean.PEPS.Examples.CZXRectangleSupport (16s)
✔ [11615/12292] Built TNLean.PEPS.RegularTwistedRegionCounting (15s)
✔ [11616/12292] Built TNLean.PEPS.RegularBondCounting (15s)
✔ [11617/12292] Built TNLean.PEPS.GraphAveragingBondState (19s)
✔ [11618/12293] Built TNLean.MPS.Periodic (29s)
✔ [11619/12293] Built TNLean.PEPS.RegularProjectorOpenRegion (13s)
✔ [11620/12293] Built TNLean.MPS.ParentHamiltonian (30s)
✔ [11621/12293] Built TNLean.PEPS.Examples.CZXRegionSymmetry (24s)
✔ [11622/12293] Built TNLean.PEPS.RegularRegionGram (14s)
✔ [11623/12293] Built TNLean.MPS.Examples.Ising (29s)
✔ [11624/12293] Built TNLean.PEPS.RegionBlock.UnionInjectivityGeneralBlue (12s)
✔ [11625/12293] Built QICLean.Analysis.TwoProjectionAngleOrthogonality (14s)
✔ [11626/12293] Built TNLean.PEPS.GraphOpenRegionGluing (16s)
✔ [11627/12294] Built QICLean.Channel.BreuerHallMap (20s)
✔ [11628/12294] Built TNLean.MPS.MPDO.PhysicalSectorProductTransport (18s)
✔ [11629/12294] Built TNLean.PEPS.TorusGaugedWeightCovariance (28s)
✔ [11630/12294] Built TNLean.MPS.MPDO.CyclicActiveTraceProductIdentities (21s)
✔ [11631/12294] Built TNLean.PEPS.SemiRegularBondSparseAction (20s)
✔ [11632/12294] Built TNLean.PEPS.SemiRegularBondProductIsometry (19s)
✔ [11633/12294] Built TNLean.PEPS.SemiRegularBondIsometryExtension (19s)
✔ [11634/12294] Built TNLean.PEPS.ParentHamiltonian.RegionParentDependentCut (22s)
✔ [11635/12294] Built TNLean.MPS.MPDO.CPSVVerticalCanonicalForm (35s)
✔ [11636/12294] Built TNLean.MPS.MPDO.VerticalCanonicalForm (35s)
✔ [11637/12294] Built TNLean.PEPS.ParentHamiltonian.GraphDependentRegionSupport (23s)
✔ [11638/12294] Built QICLean.Channel.DecomposablePPT (20s)
✔ [11639/12294] Built TNLean.PEPS.KitaevCheckerboardBlocking (24s)
✔ [11640/12294] Built TNLean.MPS.MPDO.VerticalProductRetainedBlocks (39s)
✔ [11641/12294] Built TNLean.PEPS.ParentHamiltonian.RegionPhysicalGroundSpaceTransport (16s)
✔ [11642/12294] Built TNLean.MPS.MPDO.CPSVExample411SourceZCL (38s)
✔ [11643/12294] Built TNLean.MPS.Symmetry.MPDO.Vectorized (38s)
✔ [11644/12294] Built TNLean.PEPS.GInjectivePhysicalMap (20s)
✔ [11645/12294] Built TNLean.MPS.MPDO.CPSVExample411Spectrum (39s)
✔ [11646/12294] Built TNLean.MPS.MPDO.CommonWeightAbsorbedBNTSupport (37s)
✔ [11647/12294] Built TNLean.MPS.MPDO.CyclicActiveRetainedCoordinates (38s)
✔ [11648/12294] Built TNLean.MPS.MPDO.PhysicalSectorActiveFactorSupport (37s)
✔ [11649/12294] Built QICLean.Channel.CPDecomposition (11s)
✔ [11650/12294] Built TNLean.PEPS.GraphRegularStateNonzero (11s)
✔ [11651/12294] Built TNLean.PEPS.ParentHamiltonian.InjectiveRegionSupport (17s)
✔ [11652/12294] Built TNLean.PEPS.RegularTorusBondCounting (11s)
✔ [11653/12294] Built TNLean.PEPS.RegularGraphBondBlocking (14s)
✔ [11654/12294] Built TNLean.PEPS.RegularPhysicalUnitaryTransport (12s)
✔ [11655/12297] Built TNLean.PEPS.RegularRegionEntropy (11s)
✔ [11656/12297] Built TNLean.PEPS.RegularRegionCycleRank (11s)
✔ [11657/12297] Built TNLean.PEPS.RegularTwistedRegion (11s)
✔ [11658/12297] Built TNLean.PEPS.GraphGIsometricSupportTransport (18s)
✔ [11659/12297] Built TNLean.PEPS.Examples.CZXRectangleMap (14s)
✔ [11660/12297] Built QICLean.Analysis.TwoProjectionDefectBlockSum (9.3s)
✔ [11661/12297] Built TNLean.PEPS.SemiRegularBondRetraction (8.3s)
✔ [11662/12297] Built TNLean.MPS.MPDO.PhysicalSectorEtaLocalStructure (9.3s)
✔ [11663/12297] Built TNLean.PEPS.RegionBlock.UnionInjectivityGeneral2 (12s)
✔ [11664/12298] Built TNLean.PEPS.PhysicalCoherentTransport (10s)
✔ [11665/12298] Built QICLean.Channel.ChoiTypeMap (13s)
✔ [11666/12298] Built TNLean.PEPS.PhysicalProductRangeSupport (10s)
✔ [11667/12298] Built TNLean.PEPS.KitaevPeriodicTiling (11s)
✔ [11668/12298] Built TNLean.PEPS.TorusTranslatedScalarComparison (15s)
✔ [11669/12298] Built QICLean.Channel.BreuerHallIndecomposable (12s)
✔ [11670/12298] Built TNLean.PEPS.ParentHamiltonian.RegionPhysicalHamiltonianTransport (12s)
✔ [11671/12298] Built TNLean.PEPS.ParentHamiltonian.RegionOperatorBlocks (11s)
✔ [11672/12298] Built TNLean.PEPS.ParentHamiltonian.VertexImageGroundSpace (13s)
✔ [11673/12299] Built TNLean.PEPS.ParentHamiltonian.RegionFullGroundSpace (13s)
✔ [11674/12299] Built TNLean.MPS.Examples (22s)
✔ [11675/12299] Built TNLean.PEPS.GraphPhysicalPadding (13s)
✔ [11676/12299] Built TNLean.PEPS.TorusAveragingGInjectiveSite (12s)
✔ [11677/12299] Built TNLean.PEPS.GInjectivePhysicalEquivalence (12s)
✔ [11678/12299] Built TNLean.PEPS.ParentHamiltonian.ThreeBlockPhysicalExtension (13s)
✔ [11679/12299] Built TNLean.MPS.MPDO.FixedBondPositivePhysicalSectorConstructor (25s)
✔ [11680/12299] Built TNLean.MPS.MPDO.TwoSiteVerticalCanonicalForm (22s)
✔ [11681/12299] Built TNLean.MPS.MPDO.VerticalProductSpectralFamily (23s)
✔ [11682/12299] Built TNLean.MPS.Symmetry.MPDO (22s)
✔ [11683/12299] Built TNLean.PEPS.RegularTorusGram (13s)
✔ [11684/12300] Built QICLean.Channel.SchmidtNumber (12s)
✔ [11685/12300] Built TNLean.PEPS.RegularRegionIsometry (12s)
✔ [11686/12300] Built TNLean.PEPS.RegularTwoSiteChargeDetector (14s)
✔ [11687/12300] Built TNLean.MPS.MPU.VirtualUnitaryGauge (24s)
✔ [11688/12300] Built TNLean.PEPS.RegularProjectorTwistedRegion (12s)
✔ [11689/12300] Built TNLean.PEPS.TwoPlaquetteGeometry (13s)
✔ [11690/12300] Built TNLean.PEPS.RegularTwistedRegionConnectivity (12s)
✔ [11691/12300] Built TNLean.PEPS.GraphInsertedBondState (13s)
✔ [11692/12301] Built TNLean.PEPS.Examples.CZXRectangleDensity (11s)
✔ [11693/12301] Built TNLean.PEPS.RegularRegionCoordinates (13s)
✔ [11694/12301] Built TNLean.PEPS.RegionBlock.UnionInjectivity (7.3s)
✔ [11695/12301] Built TNLean.MPS.MPDO.CPSVExample411Entropy (23s)
✔ [11696/12301] Built TNLean.MPS.MPDO.CommutingBondTraceMatrixObstruction (11s)
✔ [11697/12301] Built TNLean.MPS.MPDO.BNTChannelComposition (24s)
✔ [11698/12301] Built TNLean.MPS.MPDO.PhysicalSectorActiveSupportData (22s)
✔ [11699/12301] Built TNLean.MPS.MPDO.CyclicActiveFourthRegionContraction (24s)
✔ [11700/12301] Built TNLean.PEPS.RegionBlock.UnionInjectivityOverlapSetup (9.4s)
✔ [11701/12301] Built TNLean.MPS.MPDO.RecurrentSectorRephasing (10s)
✔ [11702/12301] Built TNLean.PEPS.GraphBondCoordinateTransport (10s)
✔ [11703/12302] Built TNLean.PEPS.TorusBondCoordinateTransport (10s)
✔ [11704/12302] Built TNLean.PEPS.CoherentMultiplicityTransport (10s)
✔ [11705/12302] Built TNLean.PEPS.PhysicalProductFamilyRangeSupport (9.5s)
✔ [11706/12302] Built TNLean.PEPS.TorusCutBondSupport (12s)
✔ [11707/12302] Built TNLean.PEPS.KitaevGlobalCheckerboardBlocking (11s)
✔ [11708/12302] Built TNLean.PEPS.ParentHamiltonian.VertexInverseRegionSlice (11s)
✔ [11709/12302] Built TNLean.PEPS.TorusTwoByTwoBlocking (12s)
✔ [11710/12302] Built QICLean.Analysis (21s)
✔ [11711/12302] Built TNLean.PEPS.ParentHamiltonian.VertexBondState (13s)
✔ [11712/12302] Built TNLean.PEPS.ParentHamiltonian.PaddedPhysicalParent (13s)
✔ [11713/12302] Built TNLean.PEPS.ParentHamiltonian.RegionParentGapCriterion (14s)
✔ [11714/12302] Built TNLean.PEPS.ParentHamiltonian.RegionParentBondCoefficients (15s)
✔ [11715/12302] Built TNLean.PEPS.ParentHamiltonian.ThreeBlockGInjectiveIntersection (15s)
✔ [11716/12302] Built TNLean.PEPS.RegularTorusSectors (15s)
✔ [11717/12302] Built TNLean.PEPS.RegularTorusCut (15s)
✔ [11718/12302] Built QICLean.Channel.ChoiTypeMap.Positivity (16s)
✔ [11719/12302] Built TNLean.PEPS.GInjectivePhysicalNormalForm (19s)
✔ [11720/12302] Built TNLean.PEPS.Examples.CZXSymmetry (33s)
✔ [11721/12304] Built QICLean.Channel.ChoiTypeMap.HaTwoSimpleWitness (17s)
✔ [11722/12304] Built TNLean.PEPS.RegularTwoSiteChargeCommutation (16s)
✔ [11723/12304] Built TNLean.PEPS.RegularChargeBondContraction (15s)
✔ [11724/12304] Built TNLean.PEPS.RegularWeightedBondContraction (15s)
✔ [11725/12304] Built TNLean.PEPS.RegularPhysicalCutTransfer (20s)
✔ [11726/12304] Built TNLean.PEPS.GraphInsertedRegionSupport (15s)
✔ [11727/12304] Built TNLean.PEPS.RegularTwistedRegionGram (19s)
✔ [11728/12304] Built TNLean.PEPS.RegionBlock.ThreeBlockTransfer (11s)
✔ [11729/12304] Built TNLean.PEPS.GraphInsertedPhysicalSupport (20s)
✔ [11730/12304] Built TNLean.PEPS.RegularRegionTreeGauge (15s)
✔ [11731/12304] Built TNLean.PEPS.RegionBlock.UnionInjectivityOverlap3 (11s)
✔ [11732/12304] Built TNLean.PEPS.RegularRegionProjectorCoordinates (17s)
✔ [11733/12304] Built TNLean.PEPS.GraphOpenAveragingBondState (19s)
✔ [11734/12306] Built TNLean.MPS.MPDO.InverseMapActiveSectorRecurrence (14s)
✔ [11735/12306] Built QICLean.Channel.CompletelyPositiveBridge (13s)
✔ [11736/12306] Built TNLean.PEPS.TorusCutCanonicalBondSpan (14s)
✔ [11737/12306] Built TNLean.MPS.MPU.RepresentativeIndex (31s)
✔ [11738/12306] Built TNLean.PEPS.TorusMultiplicityBondState (15s)
✔ [11739/12306] Built TNLean.MPS.MPDO.VerticalProductCornerComparison (35s)
✔ [11740/12306] Built TNLean.PEPS.ParentHamiltonian.VertexBondRegionConstraint (14s)
✔ [11741/12306] Built TNLean.PEPS.KitaevNativeGlobalBlocking (15s)
✔ [11742/12306] Built TNLean.PEPS.ParentHamiltonian.VertexVirtualParentTransport (14s)
✔ [11743/12306] Built TNLean.PEPS.TorusTwoByTwoTwistedGeometry (16s)
✔ [11744/12306] Built TNLean.PEPS.TorusGraphBondContraction (16s)
✔ [11745/12306] Built TNLean.PEPS.TwoByTwoTensorIsometry (18s)
✔ [11746/12307] Built TNLean.MPS.MPDO.BNTFactorizationChannels (29s)
⚠ [11747/12307] Built QICLean.Channel.ChoiTypeMap.YamagamiPositivity (16s)
warning: QICLean/Channel/ChoiTypeMap/YamagamiPositivity.lean:166:25: `stdSimplex` has been deprecated: Use `Convexity.StdSimplex` instead

Note: The updated constant has a different type:
  (R : Type u) → [LE R] → [AddCommMonoid R] → [One R] → Type v → Type (max u v)
instead of
  (𝕜 : Type u_2) → (ι : Type u_1) → [Semiring 𝕜] → [PartialOrder 𝕜] → [Fintype ι] → Set (ι → 𝕜)
warning: QICLean/Channel/ChoiTypeMap/YamagamiPositivity.lean:175:13: `stdSimplex` has been deprecated: Use `Convexity.StdSimplex` instead

Note: The updated constant has a different type:
  (R : Type u) → [LE R] → [AddCommMonoid R] → [One R] → Type v → Type (max u v)
instead of
  (𝕜 : Type u_2) → (ι : Type u_1) → [Semiring 𝕜] → [PartialOrder 𝕜] → [Fintype ι] → Set (ι → 𝕜)
warning: QICLean/Channel/ChoiTypeMap/YamagamiPositivity.lean:181:23: `stdSimplex` has been deprecated: Use `Convexity.StdSimplex` instead

Note: The updated constant has a different type:
  (R : Type u) → [LE R] → [AddCommMonoid R] → [One R] → Type v → Type (max u v)
instead of
  (𝕜 : Type u_2) → (ι : Type u_1) → [Semiring 𝕜] → [PartialOrder 𝕜] → [Fintype ι] → Set (ι → 𝕜)
warning: QICLean/Channel/ChoiTypeMap/YamagamiPositivity.lean:182:45: `isClosed_stdSimplex` has been deprecated: Use `Convexity.StdSimplex.isClosedEmbedding_toFun_comp_weights` instead

Note: The updated constant has a different type:
  ∀ (R : Type u) [inst : PartialOrder R] [inst_1 : Ring R] [inst_2 : TopologicalSpace R]
    [inst_3 : IsStrictOrderedRing R] [IsTopologicalRing R] [OrderClosedTopology R] (M : Type u_1) [Finite M],
    Topology.IsClosedEmbedding fun t ↦ ⇑t.weights
instead of
  ∀ (𝕜 : Type u_1) (ι : Type u_2) [inst : Fintype ι] [inst_1 : TopologicalSpace 𝕜] [inst_2 : Semiring 𝕜]
    [inst_3 : PartialOrder 𝕜] [OrderClosedTopology 𝕜] [ContinuousAdd 𝕜], IsClosed (stdSimplex 𝕜 ι)
warning: QICLean/Channel/ChoiTypeMap/YamagamiPositivity.lean:184:5: `isCompact_stdSimplex` has been deprecated: Use `Convexity.StdSimplex.compactSpace` instead

Note: The updated constant has a different type:
  ∀ (R : Type u_1) (M : Type u_2) [inst : Ring R] [inst_1 : TopologicalSpace R] [IsTopologicalRing R]
    [inst_3 : PartialOrder R] [inst_4 : IsStrictOrderedRing R] [CompactIccSpace R] [OrderClosedTopology R] [Finite M],
    CompactSpace (Convexity.StdSimplex R M)
instead of
  ∀ (𝕜 : Type u_1) (ι : Type u_2) [inst : Fintype ι] [inst_1 : TopologicalSpace 𝕜] [inst_2 : Semiring 𝕜]
    [inst_3 : PartialOrder 𝕜] [OrderClosedTopology 𝕜] [ContinuousAdd 𝕜] [CompactIccSpace 𝕜] [IsOrderedAddMonoid 𝕜],
    IsCompact (stdSimplex 𝕜 ι)
warning: QICLean/Channel/ChoiTypeMap/YamagamiPositivity.lean:263:48: `stdSimplex` has been deprecated: Use `Convexity.StdSimplex` instead

Note: The updated constant has a different type:
  (R : Type u) → [LE R] → [AddCommMonoid R] → [One R] → Type v → Type (max u v)
instead of
  (𝕜 : Type u_2) → (ι : Type u_1) → [Semiring 𝕜] → [PartialOrder 𝕜] → [Fintype ι] → Set (ι → 𝕜)
✔ [11748/12307] Built TNLean.PEPS.NativeTorusClosures (17s)
✔ [11749/12307] Built QICLean.Channel.SchmidtNumberCompact (15s)
✔ [11750/12307] Built TNLean.MPS.MPDO.PhysicalSectorActiveCoordinates (30s)
✔ [11751/12307] Built TNLean.PEPS.RegionBlock.CoarseThreeSite (11s)
✔ [11752/12307] Built TNLean.PEPS.RegularPhysicalDensity (15s)
✔ [11753/12308] Built TNLean.MPS.MPDO.CyclicActiveFourthRegionFormula (31s)
✔ [11754/12308] Built TNLean.PEPS.RegularRegionGaugeBoundary (13s)
✔ [11755/12308] Built QICLean.Channel.ChoiTypeMap.HaBlockTranspose (18s)
✔ [11756/12309] Built TNLean.PEPS.TorusRegionLiftGauge (14s)
✔ [11757/12309] Built TNLean.PEPS.RegularTwistedRegionEntropy (15s)
✔ [11758/12309] Built TNLean.PEPS.RegularTwoSitePhysicalChargeMeasurement (17s)
✔ [11759/12309] Built TNLean.PEPS.RegularRegionGaugeContraction (12s)
✔ [11760/12309] Built TNLean.PEPS.RegularRegionInjectivity (12s)
✔ [11761/12309] Built TNLean.PEPS.RegularProjectorChargePairCoordinates (12s)
✔ [11762/12310] Built TNLean.PEPS.RegionBlock.UnionInjectivityOverlapBridge (9.0s)
✔ [11763/12310] Built TNLean.PEPS.RegularTwistedRegionProjectorCoordinates (12s)
✔ [11764/12310] Built TNLean.PEPS.Examples (25s)
✔ [11765/12310] Built TNLean.MPS.MPDO.InverseMapActiveSectorPrimitivity (10s)
✔ [11766/12311] Built TNLean.MPS.MPDO.GSNNCHSectorSum (13s)
✔ [11767/12311] Built QICLean.Channel.SelfDual (14s)
✔ [11768/12311] Built TNLean.PEPS.RegionBlock.CoarseThreeSiteCoherentFrame (16s)
✔ [11769/12311] Built TNLean.PEPS.TorusBlockMultiplicityState (19s)
✔ [11770/12311] Built TNLean.PEPS.ParentHamiltonian.RegionVertexImageSupport (18s)
✔ [11771/12311] Built TNLean.PEPS.ParentHamiltonian.DependentRegionOperatorLift (20s)
✔ [11772/12311] Built QICLean.Channel.DecomposableWitness (19s)
✔ [11773/12311] Built QICLean.Channel.Determinant.ChoiBound (19s)
✔ [11774/12311] Built QICLean.Channel.Determinant.Composition (19s)
✔ [11775/12311] Built QICLean.Channel.ChoiTypeMap.HaNegativePairing (22s)
✔ [11776/12311] Built QICLean.Channel.Determinant.HilbertSchmidt (21s)
✔ [11777/12311] Built TNLean.MPS.MPU.CompositionIndex (33s)
✔ [11778/12311] Built TNLean.MPS.MPU.InjectiveSourceIndex (33s)
✔ [11779/12311] Built TNLean.PEPS.RegularTwoSiteChargeNonzero (21s)
✔ [11780/12311] Built TNLean.PEPS.RegularEdgeChargeContraction (21s)
✔ [11781/12311] Built TNLean.MPS.MPU.RepresentativeIndexTensorProduct (34s)
✔ [11782/12312] Built TNLean.MPS.MPU.RepresentativeIndexOperations (34s)
✔ [11783/12312] Built TNLean.PEPS.TorusRegionRealization (25s)
✔ [11784/12312] Built TNLean.PEPS.NormalSquareInjectivity (12s)
✔ [11785/12312] Built TNLean.PEPS.RegularClosedGauge (16s)
✔ [11786/12312] Built TNLean.PEPS.RegularRegionBoundaryHamiltonian (16s)
✔ [11787/12312] Built TNLean.PEPS.RegularOpenBoundaryDimension (16s)
✔ [11788/12312] Built TNLean.PEPS.TorusRegionLiftCoordinates (15s)
✔ [11789/12312] Built TNLean.PEPS.ParentHamiltonian.RegularRegionSupport (18s)
✔ [11790/12312] Built TNLean.PEPS.RegularTorusEntropy (32s)
✔ [11791/12312] Built TNLean.MPS.MPDO.VerticalProductCornerPositivity (38s)
✔ [11792/12312] Built TNLean.PEPS.RegularRegionGaugeGram (20s)
✔ [11793/12312] Built TNLean.MPS.MPDO.CyclicActiveCutCoordinates (38s)
✔ [11794/12312] Built TNLean.PEPS.RegularTwistedRegionCrossGramCoordinates (14s)
✔ [11795/12312] Built TNLean.PEPS.RegionTransportData (8.3s)
✔ [11796/12312] Built TNLean.MPS.MPDO.PhysicalSectorActiveRestriction (40s)
✔ [11797/12312] Built TNLean.MPS.MPDO.InverseMapActiveSectorZCL (11s)
✔ [11798/12312] Built TNLean.PEPS.RegularWeightedOpenContraction (13s)
✔ [11799/12312] Built TNLean.PEPS.CycleBlockingData (8.1s)
✔ [11800/12312] Built TNLean.PEPS.TorusEdgeBlockingCrossing (10s)
✔ [11801/12312] Built QICLean.Channel.Determinant.KrausRankTwo (11s)
✔ [11802/12312] Built QICLean.Channel.DetailedBalance (12s)
✔ [11803/12312] Built TNLean.PEPS.RegionBlock.CoarseThreeSite4 (8.9s)
✔ [11804/12312] Built TNLean.PEPS.ParentHamiltonian.InjectiveCoveringParentGroundSpace (10s)
✔ [11805/12312] Built TNLean.PEPS.ParentHamiltonian.RangePhysicalParentTransport (12s)
✔ [11806/12312] Built TNLean.PEPS.SemiRegularBoundaryTransport (12s)
✔ [11807/12312] Built TNLean.PEPS.GraphMultiplicityBondState (12s)
✔ [11808/12312] Built TNLean.PEPS.GraphOpenSemiRegularSupport (15s)
✔ [11809/12312] Built TNLean.MPS.MPDO.GSNNCHOrthogonalSectors (21s)
✔ [11810/12312] Built TNLean.PEPS.RegularMinimalRepresentation (15s)
✔ [11811/12312] Built TNLean.PEPS.TorusWeightedSiteGInjective (14s)
✔ [11812/12312] Built TNLean.PEPS.ParentHamiltonian.ProductSiteProjectorCommutation (15s)
✔ [11813/12312] Built QICLean.Channel.ChoiTypeMap.Indecomposable (14s)
✔ [11814/12312] Built TNLean.PEPS.RegularTwoCycleFluxMove (26s)
✔ [11815/12312] Built TNLean.PEPS.BlockMultiplicityRepresentation (16s)
✔ [11816/12312] Built QICLean.Channel.Determinant.HeisenbergDual (16s)
✔ [11817/12312] Built TNLean.PEPS.RegularEdgePhysicalChargeMeasurement (16s)
✔ [11818/12312] Built TNLean.PEPS.RegularBoundaryChargeContraction (16s)
✔ [11819/12312] Built TNLean.PEPS.TorusRectangleRealization (20s)
✔ [11820/12312] Built TNLean.PEPS.ParentHamiltonian.RegularInvariantStateSpan (18s)
✔ [11821/12312] Built TNLean.PEPS.TorusRegionLiftRealization (20s)
✔ [11822/12312] Built TNLean.PEPS.RegularWalkHolonomy (19s)
✔ [11823/12312] Built TNLean.PEPS.SquareLatticeCoordinateSwap (15s)
✔ [11824/12312] Built TNLean.PEPS.ParentHamiltonian.RegularRegionEntropyBound (20s)
✔ [11825/12312] Built TNLean.PEPS.ParentHamiltonian.TorusSectorLocalGroundSpace (19s)
✔ [11826/12312] Built TNLean.PEPS.TorusSingletonRegion (20s)
✔ [11827/12312] Built TNLean.PEPS.TorusRectangleReferenceData (15s)
✔ [11828/12314] Built TNLean.PEPS.TorusWindowRegion (16s)
✔ [11829/12314] Built TNLean.PEPS.TorusRegionLiftGram (21s)
✔ [11830/12314] Built TNLean.PEPS.RegionBlock.CoarseThreeSite5 (16s)
✔ [11831/12314] Built TNLean.PEPS.RegularCorrelatedChargeGlobalTransport (20s)
✔ [11832/12314] Built TNLean.PEPS.RegularWeightedChargeContraction (20s)
✔ [11833/12314] Built TNLean.MPS.MPU.Examples.ShiftPublicIndex (35s)
✔ [11834/12314] Built TNLean.MPS.MPU.GroupIndex (36s)
✔ [11835/12314] Built TNLean.PEPS.ParentHamiltonian.InjectiveNearestNeighborParent (16s)
✔ [11836/12314] Built TNLean.PEPS.ParentHamiltonian.GInjectiveParentTransport (16s)
✔ [11837/12314] Built TNLean.PEPS.GraphOpenBondFactors (14s)
✔ [11838/12314] Built TNLean.PEPS.GraphRepeatedParentSupport (18s)
✔ [11839/12314] Built TNLean.PEPS.GraphBondRegionBlocks (16s)
✔ [11840/12314] Built TNLean.MPS.MPDO.ActiveSectorSpanningCounterexample (30s)
✔ [11841/12314] Built TNLean.PEPS.RegularMinimalDimension (16s)
✔ [11842/12314] Built TNLean.MPS.MPDO.VerticalProductFusionDecomposition (35s)
✔ [11843/12314] Built TNLean.PEPS.RegularFourierMatrix (14s)
✔ [11844/12314] Built QICLean.Channel.Determinant.UnitaryCharacterization (14s)
✔ [11845/12314] Built TNLean.MPS.MPDO.CyclicActiveCutStates (36s)
✔ [11846/12314] Built TNLean.MPS.MPDO.PhysicalSectorActiveNeighboring (34s)
✔ [11847/12314] Built TNLean.PEPS.SemiRegularRegularComparison (17s)
✔ [11848/12314] Built TNLean.PEPS.TorusEdgePhysicalChargeMeasurement (14s)
✔ [11849/12314] Built TNLean.PEPS.TorusRegionPeriodicLift (14s)
✔ [11850/12314] Built TNLean.PEPS.TorusWalkWinding (14s)
✔ [11851/12314] Built TNLean.PEPS.TorusDirectedBondUpdate (12s)
✔ [11852/12314] Built TNLean.PEPS.TorusFlatConnectionGauge (13s)
✔ [11853/12314] Built TNLean.PEPS.SemiRegularMatrixBlocks (19s)
✔ [11854/12314] Built TNLean.PEPS.RegionBondGaugeHolonomy (10s)
✔ [11855/12314] Built TNLean.PEPS.RegularConnectorHolonomy (10s)
✔ [11856/12314] Built TNLean.PEPS.NormalEdgeSingleCrossing (7.3s)
✔ [11857/12314] Built TNLean.PEPS.RegularSweptPatchDeformation (11s)
✔ [11858/12314] Built TNLean.PEPS.IntegerCellNoHoles (17s)
✔ [11859/12314] Built TNLean.MPS.MPDO.GSNNCHSectorRescaling (25s)
✔ [11860/12314] Built TNLean.MPS.MPDO.PhysicalSupportBondTransport (25s)
✔ [11861/12314] Built TNLean.PEPS.RegularRegionCycleHolonomy (10s)
✔ [11862/12314] Built TNLean.PEPS.ParentHamiltonian.RegularStateParentRigidity (9.3s)
✔ [11863/12314] Built TNLean.PEPS.ParentHamiltonian.RegionEntanglementBound (9.7s)
✔ [11864/12314] Built TNLean.PEPS.ParentHamiltonian.TorusRegularRegionSupport (10s)
✔ [11865/12314] Built TNLean.PEPS.RegionBlock.CoarseThreeSite6 (8.6s)
✔ [11866/12314] Built TNLean.PEPS.TorusWindowComplement (9.2s)
✔ [11867/12314] Built TNLean.PEPS.TorusSimplyConnectedRegionRank (10s)
✔ [11868/12314] Built QICLean.Channel.Wigner.ProjectivePureState (11s)
✔ [11869/12314] Built TNLean.PEPS.TorusIncidentGInjectivity (13s)
✔ [11870/12314] Built TNLean.PEPS.GraphOpenBondRangeSupport (14s)
✔ [11871/12314] Built TNLean.PEPS.ParentHamiltonian.GraphBondPhysicalCoordinates (14s)
✔ [11872/12314] Built TNLean.PEPS.GraphOpenCopyTransport (17s)
✔ [11873/12314] Built TNLean.PEPS.ParentHamiltonian.GraphCanonicalBondCoordinates (17s)
✔ [11874/12314] Built TNLean.PEPS.RegularMatrixCommutativity (16s)
✔ [11875/12314] Built TNLean.PEPS.TorusSemiRegularEquivalence (16s)
✔ [11876/12314] Built TNLean.PEPS.TorusIntegerStepWinding (15s)
✔ [11877/12314] Built TNLean.MPS.MPDO.ActiveSectorInverseMapProvenance (20s)
✔ [11878/12314] Built TNLean.PEPS.TorusRegionExteriorCollar (17s)
✔ [11879/12314] Built TNLean.PEPS.RegularWeightedGaugeTransport (15s)
✔ [11880/12314] Built TNLean.PEPS.TorusBondFlatConnection (15s)
✔ [11881/12314] Built TNLean.PEPS.TorusGraphSeamGauge (15s)
✔ [11882/12314] Built TNLean.PEPS.IntegerExteriorConnectivity (13s)
✔ [11883/12314] Built TNLean.PEPS.NativeTorusClosureIndependence (17s)
✔ [11884/12314] Built TNLean.PEPS.TorusSweptStringDeformation (15s)
✔ [11885/12314] Built TNLean.MPS.MPU.Examples (26s)
✔ [11886/12314] Built TNLean.MPS.MPU.FiniteGroupSourceRanks (27s)
✔ [11887/12314] Built TNLean.PEPS.IntegerCellExteriorCollar (13s)
✔ [11888/12314] Built TNLean.MPS.MPDO.PhysicalIsometricEmbeddingNeighboringTrace (25s)
✔ [11889/12314] Built TNLean.MPS.MPDO.RFPPositiveFusionDecomposition (29s)
✔ [11890/12314] Built TNLean.PEPS.RegularBoundaryRoute (12s)
✔ [11891/12314] Built TNLean.PEPS.RegionBlock.CoarseThreeSite7 (13s)
✔ [11892/12314] Built TNLean.PEPS.ParentHamiltonian.TorusEntanglementBound (15s)
✔ [11893/12314] Built TNLean.PEPS.TorusDeformedWindow (13s)
✔ [11894/12314] Built TNLean.PEPS.TorusWindowSingleCrossingObstruction (13s)
✔ [11895/12314] Built TNLean.PEPS.TorusWindowCornerRegion (14s)
✔ [11896/12314] Built TNLean.PEPS.ParentHamiltonian.RegularTorusRectangleEntropyBound (16s)
✔ [11897/12314] Built TNLean.PEPS.TorusCoordinateSwap (13s)
✔ [11898/12314] Built TNLean.MPS.MPDO.CyclicActiveCutRegrouping (38s)
✔ [11899/12314] Built QICLean.Channel.Wigner.PureStateCharpoly (16s)
✔ [11900/12314] Built TNLean.PEPS.TranslatedTwoPlaquetteGeometry (18s)
✔ [11901/12314] Built TNLean.PEPS.ParentHamiltonian.TorusNativeGInjectiveSupport (16s)
✔ [11902/12314] Built TNLean.MPS.MPDO.PhysicalSectorNormalProductRepresentative (26s)
✔ [11903/12314] Built TNLean.MPS.MPDO.GSNNCHFourCycleMarkov.FourCycle (29s)
✔ [11904/12314] Built TNLean.PEPS.GraphOpenMultiplicityTransport (16s)
✔ [11905/12314] Built TNLean.PEPS.GraphBondFamilyRegionBlocks (18s)
✔ [11906/12314] Built TNLean.MPS.MPDO.IsometricAdjacentBondTransport (27s)
✔ [11907/12314] Built TNLean.PEPS.GraphOrientedAveragingBondState (19s)
✔ [11908/12314] Built TNLean.PEPS.ParentHamiltonian.CopyCanonicalLocalTransport (17s)
✔ [11909/12314] Built TNLean.PEPS.ParentHamiltonian.RegularRegionFlatness (30s)
✔ [11910/12328] Built TNLean.PEPS.GraphSemiRegularEquivalence (14s)
✔ [11911/12328] Built TNLean.PEPS.TorusCutFlatCoefficients (12s)
✔ [11912/12328] Built TNLean.PEPS.TorusSemiRegularStateNorm (13s)
✔ [11913/12328] Built TNLean.PEPS.TorusBondClosureSeamMovement (12s)
✔ [11914/12328] Built TNLean.PEPS.TorusChargeStringDeformation (13s)
✔ [11915/12328] Built TNLean.MPS.MPDO.ActiveSectorSpanningAreaLaw (14s)
✔ [11916/12328] Built TNLean.PEPS.NativeTorusClosureDimension (13s)
✔ [11917/12328] Built TNLean.PEPS.TorusRegionIntegerCellLift (11s)
✔ [11918/12328] Built TNLean.PEPS.IntegerCellContactConnectivity (12s)
✔ [11919/12328] Built TNLean.PEPS.TorusRegionWalkWinding (11s)
✔ [11920/12328] Built TNLean.PEPS.RegularTreeGaugeTransport (11s)
✔ [11921/12328] Built TNLean.PEPS.RegularCycleControlledBoundary (12s)
✔ [11922/12328] Built TNLean.PEPS.TorusComplementCycleWords (12s)
✔ [11923/12328] Built TNLean.PEPS.RegionBlock.CoarseThreeSite8 (9.6s)
✔ [11924/12328] Built TNLean.PEPS.RegionBlock.PhysicalOperation (9.2s)
✔ [11925/12330] Built TNLean.PEPS.TorusWindowChain (9.9s)
✔ [11926/12330] Built TNLean.PEPS.GraphAveragingGInjective (28s)
✔ [11927/12330] Built TNLean.PEPS.VerticalTwoPlaquetteGeometry (12s)
✔ [11928/12330] Built TNLean.PEPS.ThreePlaquetteGeometry (13s)
✔ [11929/12330] Built TNLean.PEPS.TorusWindowScalarComparison (14s)
✔ [11930/12330] Built TNLean.PEPS.TorusNativeOrientation (12s)
✔ [11931/12330] Built TNLean.MPS.MPU (25s)
✔ [11932/12330] Built TNLean.PEPS.GraphOrientedBondRangeSupport (13s)
✔ [11933/12330] Built TNLean.PEPS.ParentHamiltonian.CopyCanonicalParentTransport (12s)
✔ [11934/12330] Built TNLean.MPS.MPDO.BNTFusionTensorClauseFromRFP (24s)
✔ [11935/12330] Built TNLean.PEPS.GraphOrientedCopyTransport (16s)
✔ [11936/12330] Built QICLean.Channel.Wigner.Upstream.Unitary (10s)
✔ [11937/12330] Built TNLean.PEPS.ParentHamiltonian.SemiRegularCanonicalLocalTransport (12s)
✔ [11938/12330] Built TNLean.PEPS.ParentHamiltonian.RegularRegionHolonomyFilter (12s)
✔ [11939/12330] Built TNLean.PEPS.TorusCutClosureReconstruction (11s)
✔ [11940/12330] Built TNLean.PEPS.ParentHamiltonian.RegularRegionBondRightInvariance (12s)
✔ [11941/12333] Built TNLean.PEPS.ParentHamiltonian.CopyWeightPhysicalTransport (13s)
✔ [11942/12333] Built QICLean.Channel.Wigner.TwoPureStateCharpoly (12s)
✔ [11943/12333] Built TNLean.PEPS.GraphInsertedSemiRegularEquivalence (11s)
✔ [11944/12333] Built TNLean.MPS.MPDO.PhysicalSupportBondCommutativity (22s)
✔ [11945/12333] Built TNLean.MPS.MPDO.GSNNCHFourCycleMarkov.ExampleFourCycleObstruction (23s)
✔ [11946/12334] Built TNLean.PEPS.TorusLabelledBondGeometry (11s)
✔ [11947/12334] Built TNLean.MPS.MPDO.BNTAlgebraTensorClauseSpectrum (30s)
✔ [11948/12334] Built TNLean.PEPS.SemiRegularBondDimension (12s)
✔ [11949/12335] Built TNLean.PEPS.RegionBlock.CoarseThreeSite9 (10s)
✔ [11950/12335] Built TNLean.PEPS.TorusExteriorPathApproximation (13s)
✔ [11951/12335] Built TNLean.PEPS.RegularCycleControlledSupport (13s)
✔ [11952/12335] Built TNLean.PEPS.TorusWindowChain2 (10s)
✔ [11953/12335] Built TNLean.PEPS.TorusWindowFamily (11s)
✔ [11954/12335] Built TNLean.PEPS.TorusRegionBoundaryLift (14s)
✔ [11955/12335] Built TNLean.PEPS.TorusComplementDisentangling (13s)
✔ [11956/12335] Built TNLean.PEPS.IntegerCellBoundaryContour (18s)
✔ [11957/12335] Built TNLean.PEPS.RegularControlledBoundaryFactor (16s)
✔ [11958/12335] Built QICLean.Channel.Wigner.Upstream.TransitionProbability (12s)
✔ [11959/12335] Built TNLean.PEPS.ParentHamiltonian.SemiRegularCanonicalParentTransport (12s)
✔ [11960/12335] Built TNLean.PEPS.ParentHamiltonian.PositiveMultiplicityParentTransport (11s)
✔ [11961/12336] Built QICLean.Channel.FixedPoint.ConditionalExpectation (12s)
✔ [11962/12336] Built TNLean.PEPS.ParentHamiltonian.OrientedCopyParentTransport (16s)
✔ [11963/12336] Built TNLean.PEPS.RegularGraphPhysicalBlocking (18s)
✔ [11964/12336] Built TNLean.PEPS.ParentHamiltonian.RegularGlobalParentCoordinates (14s)
✔ [11965/12336] Built TNLean.PEPS.ParentHamiltonian.OrientedCopyWeightPhysicalTransport (11s)
✔ [11966/12336] Built TNLean.PEPS.GraphOpenBondCoordinateTransport (17s)
✔ [11967/12336] Built QICLean.Channel.EnsembleEquivalence (10s)
✔ [11968/12336] Built TNLean.PEPS.GraphInsertedSemiRegularFactory (12s)
✔ [11969/12336] Built TNLean.PEPS.DependentTorusCutSpaces (11s)
✔ [11970/12337] Built TNLean.PEPS.RegularFourierCommutativity (11s)
✔ [11971/12337] Built TNLean.MPS.MPDO.TopologicalDensityDecomposition (24s)
✔ [11972/12337] Built TNLean.PEPS.RegionBlock.CoarseThreeSite10 (9.4s)
✔ [11973/12337] Built QICLean.Channel.EntanglementWitness (12s)
✔ [11974/12337] Built TNLean.PEPS.GraphOrientedGInjective (30s)
✔ [11975/12339] Built TNLean.MPS.MPDO.ActiveSectorSpanningRFP (37s)
✔ [11976/12339] Built TNLean.PEPS.ParentHamiltonian.RegularRegionCommutingConstraints (14s)
✔ [11977/12339] Built TNLean.MPS.MPDO.GSNNCHFourCycleMarkov (22s)
✔ [11978/12339] Built TNLean.MPS.MPDO.CPSVExample412NormalizedGSNNCH (23s)
✔ [11979/12339] Built TNLean.PEPS.TorusWindowChain4 (13s)
✔ [11980/12339] Built TNLean.MPS.MPDO.BNTAlgebraTensorClauseCorner (24s)
✔ [11981/12339] Built TNLean.MPS.MPDO.BNTAlgebraTensorClauseDirectSumUnitary (24s)
✔ [11982/12339] Built TNLean.PEPS.RegularReferenceBoundaryDensity (12s)
✔ [11983/12339] Built TNLean.PEPS.TorusComplementPathReplacement (13s)
✔ [11984/12339] Built TNLean.MPS.MPDO.BNTAlgebraTensorClauseConditionalUnitary (24s)
✔ [11985/12339] Built TNLean.PEPS.TorusControlledBoundaryFactor (11s)
✔ [11986/12339] Built TNLean.MPS.MPDO.BNTAlgebraTensorClauseAmbientSectorCoordinates (24s)
✔ [11987/12339] Built QICLean.Channel.RightFactorConditionalExpectation (9.2s)
✔ [11988/12339] Built QICLean.Channel.OpenSystemRectangular (10s)
✔ [11989/12339] Built QICLean.Channel.Wigner.Upstream.FrameReduction (12s)
✔ [11990/12339] Built TNLean.PEPS.ParentHamiltonian.OrientedPositiveMultiplicityParentTransport (8.9s)
✔ [11991/12339] Built TNLean.PEPS.RegularCyclePermutation (26s)
✔ [11992/12339] Built TNLean.PEPS.RegularBoundaryRegisterTransport (23s)
✔ [11993/12339] Built TNLean.PEPS.DependentTorusCanonicalClosure (9.8s)
✔ [11994/12339] Built TNLean.PEPS.ParentHamiltonian.GraphCoordinateCanonicalParentTransport (11s)
✔ [11995/12340] Built TNLean.PEPS.RegularGraphSurplusSite (14s)
✔ [11996/12340] Built QICLean.Channel.POVM (10s)
✔ [11997/12340] Built TNLean.PEPS.RegularOrderSixDimension (11s)
✔ [11998/12340] Built TNLean.PEPS.RegularChargeFluxCoordinateTransport (26s)
✔ [11999/12340] Built TNLean.PEPS.RegularTwoByTwoGraphCoordinates (16s)
✔ [12000/12340] Built TNLean.PEPS.RegionBlock.CoarseThreeSite11 (8.7s)
✔ [12001/12340] Built TNLean.PEPS.RegularCycleFluxMeasurement (29s)
✔ [12002/12342] Built TNLean.PEPS.RegularRegionChargePairCreation (29s)
✔ [12003/12342] Built TNLean.PEPS.RegularCyclePhysicalFluxCreation (31s)
✔ [12004/12342] Built TNLean.PEPS.ParentHamiltonian.RegularRegionOrbitCoordinates (10s)
✔ [12005/12343] Built TNLean.PEPS.ParentHamiltonian.RegularOverlappingConstraints (10s)
✔ [12006/12343] Built TNLean.PEPS.GraphOrientedCoordinateTransport (16s)
✔ [12007/12343] Built TNLean.PEPS.TorusWindowChain5 (9.8s)
✔ [12008/12343] Built TNLean.MPS.MPDO.TopologicalMultiplicityEnergy (18s)
✔ [12009/12343] Built TNLean.PEPS.TorusSimplyConnectedComplement (12s)
✔ [12010/12343] Built TNLean.MPS.MPDO.TopologicalTerminalSpectral (20s)
✔ [12011/12343] Built QICLean.Channel.Wigner.Upstream.PhaseNormalization (12s)
✔ [12012/12343] Built QICLean.Channel.DirectSumConditionalExpectation (13s)
✔ [12013/12343] Built TNLean.PEPS.TorusControlledBoundaryDensity (14s)
✔ [12014/12343] Built TNLean.PEPS.RegularTwoCycleConjugation (13s)
✔ [12015/12343] Built TNLean.PEPS.RegularTwoPartChargeMotion (13s)
✔ [12016/12343] Built TNLean.PEPS.ParentHamiltonian.ArbitrarySemiRegularParentTransport (12s)
✔ [12017/12343] Built TNLean.PEPS.ParentHamiltonian.SemiRegularFourierCanonicalParentTransport (12s)
✔ [12018/12343] Built TNLean.PEPS.DependentTorusClosureTheorem (13s)
✔ [12019/12343] Built TNLean.PEPS.RegularGraphInsertedSurplus (12s)
✔ [12020/12343] Built QICLean.Channel.FixedPoint.CornerAlgebra (12s)
✔ [12021/12344] Built TNLean.MPS.MPDO.CPSVExample412NormalizedSummary (22s)
✔ [12022/12344] Built TNLean.PEPS.RegularTwoCyclePhysicalFluxMove (16s)
✔ [12023/12346] Built TNLean.PEPS.RegularChargeFluxPhysicalTransport (10s)
✔ [12024/12346] Built QICLean.Channel.QuantumSteering (12s)
✔ [12025/12346] Built TNLean.MPS.MPDO.BNTAlgebraTensorClauseIdentityPhysicalSpan (22s)
✔ [12026/12346] Built TNLean.MPS.MPDO.BNTAlgebraTensorClauseTwoSiteAmbientSectorMaps (21s)
✔ [12027/12348] Built TNLean.PEPS.RegularPhysicalChargePairCreation (9.8s)
✔ [12028/12348] Built QICLean.Channel.FixedPoint.SupportCompressedDensityBlocks (9.5s)
✔ [12029/12348] Built TNLean.PEPS.TorusPlaquetteFluxMeasurement (11s)
✔ [12030/12348] Built TNLean.PEPS.RegularTwoByTwoPhysicalBlocking (13s)
✔ [12031/12348] Built TNLean.PEPS.TorusWindowChain6 (8.0s)
✔ [12032/12349] Built TNLean.PEPS.ParentHamiltonian.RegularConstraintProjectors (10s)
✔ [12033/12350] Built QICLean.Channel.FixedPoint.AbstractMaximalRank (10s)
✔ [12034/12350] Built TNLean.PEPS.ParentHamiltonian.OrientedCoordinateParentTransport (11s)
✔ [12035/12350] Built TNLean.PEPS.ParentHamiltonian.SemiRegularGInjectiveParentTransport (9.9s)
✔ [12036/12350] Built QICLean.Channel.FixedPoint.CornerFixedPoints (9.9s)
✔ [12037/12350] Built TNLean.PEPS.DependentTorusClosureExtraction (10s)
✔ [12038/12350] Built TNLean.PEPS.TorusPhysicalCutDensity (12s)
✔ [12039/12350] Built QICLean.Channel.Wigner.Upstream.CocycleConsistency (13s)
✔ [12040/12350] Built TNLean.PEPS.ParentHamiltonian.RegularRegionInvariantSpan (17s)
✔ [12041/12350] Built TNLean.PEPS.TorusPhysicalChargePairCreation (9.3s)
✔ [12042/12350] Built TNLean.PEPS.TorusChargeFluxCrossing (12s)
✔ [12043/12350] Built QICLean.Channel.EnvironmentInducedInstrument (9.9s)
✔ [12044/12351] Built TNLean.PEPS.RegularChargePairSectors (9.7s)
✔ [12045/12351] Built QICLean.Channel.FixedPoint.Corollaries (10s)
✔ [12046/12352] Built QICLean.Channel.FixedPoint.WolfTheorem614 (9.5s)
✔ [12047/12352] Built TNLean.PEPS.CoherentFrameInstance (23s)
✔ [12048/12352] Built TNLean.MPS.MPDO.TopologicalGibbsHamiltonian (20s)
✔ [12049/12352] Built QICLean.Channel.FixedPoint.AbstractCornerFixedPoints (10s)
✔ [12050/12352] Built TNLean.PEPS.TorusTwoColumnChargeMotion (9.8s)
✔ [12051/12352] Built TNLean.PEPS.ParentHamiltonian.TorusParentFlatness (9.6s)
✔ [12052/12352] Built TNLean.PEPS.TorusOrientedIncidentGInjectivity (44s)
✔ [12053/12352] Built TNLean.PEPS.ParentHamiltonian.TorusRegularParentCoordinates (10s)
✔ [12054/12352] Built TNLean.PEPS.ParentHamiltonian.NativeTorusClosureMembership (10s)
✔ [12055/12352] Built TNLean.PEPS.TorusPlaquetteRealization (9.0s)
✔ [12056/12354] Built TNLean.PEPS.TorusWindowExtraction (6.8s)
✔ [12057/12354] Built TNLean.PEPS.RegularTwoCycleGlobalFluxMove (21s)
✔ [12058/12354] Built TNLean.PEPS.RegularTwoByTwoNonzero (8.9s)
✔ [12059/12354] Built TNLean.PEPS.RegularPhysicalChargeMotion (19s)
✔ [12060/12354] Built QICLean.Channel.FixedPoint.BlockForm (8.1s)
✔ [12061/12354] Built QICLean.Channel.FixedPoint.ChoiEffros (8.2s)
✔ [12062/12354] Built TNLean.MPS.MPDO.BNTAlgebraTensorClauseConditionalPhysicalMaps (18s)
✔ [12063/12354] Built TNLean.PEPS.ParentHamiltonian.RegularConstraintFixedSpaces (9.6s)
✔ [12064/12354] Built TNLean.PEPS.ParentHamiltonian.ArbitraryOrientedSemiRegularParentTransport (9.0s)
✔ [12065/12354] Built TNLean.PEPS.TorusSweptPatchEndpointGeometry (11s)
✔ [12066/12354] Built TNLean.PEPS.DependentTorusClosureIndependence (9.0s)
✔ [12067/12354] Built TNLean.PEPS.BlockingDataEdgeGauge (6.7s)
✔ [12068/12355] Built TNLean.PEPS.KitaevNativeCheckerboardBlocking (14s)
✔ [12069/12357] Built TNLean.PEPS.TorusPhysicalLocalEquivalence (9.8s)
✔ [12070/12357] Built TNLean.PEPS.RegularChargePairRegionalReadout (10s)
✔ [12071/12357] Built QICLean.Channel.FixedPoint.ExtremeDensityStates (10s)
✔ [12072/12357] Built QICLean.Channel.Wigner.Upstream.ComplexReconstruction (12s)
✔ [12073/12357] Built TNLean.PEPS.ParentHamiltonian.TorusClosureParentConstraint (10s)
✔ [12074/12357] Built TNLean.PEPS.ParentHamiltonian.TorusDependentParentSeamCuts (10s)
✔ [12075/12357] Built TNLean.PEPS.TorusInsertedGraphNetwork (10s)
✔ [12076/12357] Built TNLean.PEPS.TorusWindowFamilyCrossing (8.5s)
✔ [12077/12357] Built TNLean.PEPS.TorusWindowPeeling.BoundaryGeometry (9.3s)
✔ [12078/12357] Built QICLean.Channel.FixedPoint.WeightedCornerFixedPoints (14s)
✔ [12079/12357] Built TNLean.PEPS.RegularGaugedCyclePhysicalPermutation (10s)
✔ [12080/12357] Built TNLean.PEPS.RegularCycleGlobalPermutation (10s)
✔ [12081/12357] Built TNLean.PEPS.TorusCorrelatedChargeFluxCrossing (10s)
✔ [12082/12357] Built TNLean.PEPS.ParentHamiltonian.TorusRegularParentSpanning (11s)
✔ [12083/12357] Built TNLean.PEPS.RegularInsertedWalkHolonomy (10s)
✔ [12084/12357] Built TNLean.PEPS.RegularInternalGaugeTransport (10s)
✔ [12085/12357] Built TNLean.PEPS.RegularCycleGlobalFluxCreation (10s)
✔ [12086/12357] Built TNLean.PEPS.TorusTranslatedFluxMove (11s)
✔ [12087/12357] Built TNLean.PEPS.RegularFourLegClosure (9.5s)
✔ [12088/12357] Built TNLean.PEPS.TorusPhysicalChargeMotion (10s)
✔ [12089/12357] Built TNLean.MPS.MPDO.PhysicalGibbsEmbedding (19s)
✔ [12090/12357] Built TNLean.PEPS.RegularTwoByTwoOriginalTensor (13s)
✔ [12091/12357] Built QICLean.Channel.FixedPoint.CornerBlockForm (10s)
✔ [12092/12357] Built TNLean.PEPS.ParentHamiltonian.RegularLiftedRegionRange (9.9s)
✔ [12093/12357] Built TNLean.PEPS.NormalEdgeGaugeFamily (8.3s)
✔ [12094/12357] Built TNLean.PEPS.ParentHamiltonian.OrientedSemiRegularGInjectiveParentTransport (10s)
✔ [12095/12357] Built TNLean.PEPS.NormalBondDimension (8.4s)
✔ [12096/12357] Built TNLean.PEPS.DependentTorusClosureDimension (10s)
✔ [12097/12359] Built TNLean.PEPS.TorusSweptPhysicalEndpointRoute (11s)
✔ [12098/12359] Built TNLean.PEPS.TorusSweptStringEndpointHolonomy (12s)
✔ [12099/12359] Built QICLean.Channel.FixedPoint.StationarySpan (10s)
✔ [12100/12359] Built TNLean.PEPS.TorusSimplyConnectedPhysicalDensity (11s)
✔ [12101/12359] Built TNLean.PEPS.TorusPhysicalChargePairReadout (11s)
✔ [12102/12359] Built QICLean.Channel.Wigner.Upstream.WignerRigidity (11s)
✔ [12103/12359] Built TNLean.PEPS.ParentHamiltonian.TorusPlaquetteParentSupport (10s)
✔ [12104/12359] Built TNLean.PEPS.TorusWindowPeeling.BondInsertedRegion (7.6s)
✔ [12105/12359] Built TNLean.PEPS.ParentHamiltonian.TorusClosureKernelIntersection (11s)
✔ [12106/12359] Built QICLean.Channel.FixedPoint.WedderburnDecomp (13s)
✔ [12107/12359] Built TNLean.PEPS.ParentHamiltonian.NativeTorusParentSpanning (11s)
✔ [12108/12359] Built TNLean.PEPS.ParentHamiltonian.TorusInvariantClosureMembership (11s)
✔ [12109/12359] Built TNLean.MPS.MPDO.BNTAlgebraTensorClauseReflectedTarget (19s)
✔ [12110/12359] Built TNLean.PEPS.TorusInsertedRegularBundles (11s)
✔ [12111/12359] Built QICLean.Channel.FixedPoint.MaximalSupport (9.5s)
✔ [12112/12359] Built TNLean.PEPS.KitaevNativeBoundaryCNOT (17s)
✔ [12113/12359] Built TNLean.PEPS.ParentHamiltonian.TorusNonuniformParentSeamCuts (11s)
✔ [12114/12359] Built TNLean.PEPS.RegularActualCyclePhysicalPermutation (9.2s)
✔ [12115/12359] Built TNLean.PEPS.RegularThreePlaquetteDoubleExchange (10s)
✔ [12116/12359] Built TNLean.PEPS.TorusVerticalFluxMove (10s)
✔ [12117/12359] Built TNLean.PEPS.TorusTwoPlaquetteFluxHolonomy (8.9s)
✔ [12118/12359] Built TNLean.PEPS.TorusActualPlaquetteVacancy (10s)
✔ [12119/12361] Built TNLean.PEPS.TorusTranslatedFluxCreation (8.7s)
✔ [12120/12361] Built QICLean.Channel.FixedPoint.AbstractWeightedFixedPoints (13s)
✔ [12121/12361] Built TNLean.PEPS.TorusGaugedHorizontalFluxMove (8.8s)
✔ [12122/12361] Built TNLean.PEPS.TorusJointFluxGeometry (9.2s)
✔ [12123/12361] Built TNLean.PEPS.NormalAbsorbedFamily (14s)
✔ [12124/12361] Built TNLean.PEPS.TorusEdgeGauge (15s)
✔ [12125/12361] Built TNLean.PEPS.NormalSquareEdgeCoeff (15s)
✔ [12126/12361] Built TNLean.PEPS.RegularGraphInsertedOriginalTensor (19s)
✔ [12127/12361] Built TNLean.PEPS.ParentHamiltonian.RegularRegionalProjectorRange (19s)
✔ [12128/12361] Built TNLean.MPS.MPDO.PhysicalSupportProductTransport (30s)
✔ [12129/12361] Built TNLean.PEPS.TorusStripeLocalEquivalence (21s)
✔ [12130/12361] Built TNLean.PEPS.TorusSweptPatchConnectorTransport (23s)
✔ [12131/12361] Built TNLean.PEPS.TorusSweptHorizontalStep (22s)
✔ [12132/12361] Built TNLean.PEPS.RegularGInjectiveSimplyConnectedEntropy (22s)
✔ [12133/12361] Built TNLean.PEPS.TorusWindowPeeling.SingleBond (11s)
✔ [12134/12361] Built TNLean.MPS.Symmetry.BondRegroupingLocality (31s)
✔ [12135/12361] Built TNLean.PEPS.TorusWindowPeeling.WindowIndependence (10s)
✔ [12136/12362] Built TNLean.PEPS.ParentHamiltonian.TorusRegularParentGroundSpace (12s)
✔ [12137/12362] Built QICLean.Channel.Wigner.ProjectiveCarrierBridge (14s)
✔ [12138/12362] Built TNLean.MPS.Symmetry.ParentHamiltonianSymmetry (34s)
✔ [12139/12362] Built TNLean.PEPS.ParentHamiltonian.NativeTorusParentClassification (11s)
✔ [12140/12362] Built TNLean.MPS.Preparation.EmbedLocalOperatorNorm (32s)
✔ [12141/12362] Built TNLean.MPS.Symmetry.GappedInteractionPath (33s)
✔ [12142/12362] Built TNLean.MPS.MPDO.GaussProjectorPlacement (33s)
✔ [12143/12362] Built TNLean.PEPS.TorusSweptRouteBondAssignments (29s)
✔ [12144/12362] Built TNLean.MPS.Symmetry.BondProductParentHamiltonian (35s)
✔ [12145/12362] Built TNLean.MPS.Preparation.WindowOperatorSupport (34s)
✔ [12146/12362] Built TNLean.MPS.MPDO.TopologicalPhysicalGibbs (35s)
✔ [12147/12362] Built TNLean.PEPS.RegularActualCycleBidirectionalPermutation (8.2s)
✔ [12148/12362] Built TNLean.PEPS.TorusGaugedVerticalFluxMove (8.4s)
✔ [12149/12362] Built QICLean.Channel.Irreducible.PositiveMapSpectralCharacterization (34s)
✔ [12150/12362] Built TNLean.PEPS.TorusTwoPlaquetteGlobalFluxMove (10s)
✔ [12151/12362] Built TNLean.PEPS.TorusTwoPlaquettePhysicalFluxMove (11s)
✔ [12152/12362] Built TNLean.PEPS.TwoPlaquetteTransportTable (14s)
✔ [12153/12362] Built TNLean.PEPS.TorusRectangleGauge (10s)
✔ [12154/12362] Built TNLean.PEPS.TorusActualHorizontalFluxMove (13s)
✔ [12155/12362] Built QICLean.Channel.KoashiImoto.MarkovDilation (12s)
✔ [12156/12362] Built TNLean.PEPS.TorusEdgeGaugeCovariance (10s)
✔ [12157/12362] Built TNLean.PEPS.NormalSquareInteriorAbsorbedFamily (10s)
✔ [12158/12362] Built QICLean.Channel.FixedPoint.MaximalRank (12s)
✔ [12159/12362] Built TNLean.PEPS.TorusJointFluxMeasurement (13s)
✔ [12160/12362] Built TNLean.MPS.MPDO.CPSVBNTTheoremEquivalence (18s)
✔ [12161/12362] Built TNLean.MPS.MPDO.LengthDependentRFPExample (19s)
✔ [12162/12362] Built TNLean.PEPS.ParentHamiltonian.RegularRegionIntersection (12s)
✔ [12163/12362] Built TNLean.PEPS.ParentHamiltonian.RegularCanonicalRegionProjector (11s)
✔ [12164/12362] Built TNLean.PEPS.TorusWindowBondTransport (6.9s)
✔ [12165/12362] Built TNLean.PEPS.TorusThreePlaquetteFluxGeometry (16s)
✔ [12166/12362] Built TNLean.PEPS.ParentHamiltonian.TorusSectorSupport (11s)
✔ [12167/12365] Built TNLean.PEPS.RegionBlock.InteriorBondInsertion (7.5s)
✔ [12168/12365] Built TNLean.PEPS.RegularTwoByTwoTwistedTensor (15s)
✔ [12169/12365] Built TNLean.PEPS.NormalComparisonScalar (18s)
✔ [12170/12365] Built QICLean.Channel.Wigner.Rigidity (13s)
✔ [12171/12365] Built QICLean.Channel.LorentzNormalForm.Basic (14s)
✔ [12172/12365] Built TNLean.PEPS.ParentHamiltonian.TorusSemiRegularParentDimension (15s)
✔ [12173/12365] Built TNLean.PEPS.ParentHamiltonian.TorusParentGroundStateObservables (15s)
✔ [12174/12365] Built TNLean.MPS.MPDO.BNTSectorCommutingFamily (24s)
✔ [12175/12365] Built TNLean.MPS.MPDO.CommutingBondEtaCyclicTransport (23s)
✔ [12176/12365] Built TNLean.PEPS.ParentHamiltonian.NonuniformNativeParentClassification (16s)
✔ [12177/12365] Built TNLean.MPS.Symmetry.BondRegroupingSymmetry (27s)
✔ [12178/12365] Built TNLean.PEPS.TorusSweptRouteJointFluxMeasurement (21s)
✔ [12179/12365] Built TNLean.MPS.Symmetry.PolarDeformationGap (42s)
✔ [12180/12366] Built TNLean.PEPS.RegularActualCycleTransport (28s)
✔ [12181/12366] Built TNLean.PEPS.TorusGaugedRouteStep (28s)
✔ [12182/12366] Built QICLean.Channel.KoashiImoto (21s)
✔ [12183/12366] Built TNLean.MPS.Symmetry.GappedInteractionPathComposition (44s)
✔ [12184/12366] Built TNLean.MPS.Symmetry.InteractionHamiltonianSymmetry (44s)
✔ [12185/12366] Built TNLean.MPS.Symmetry.InteractionHamiltonianOrder (44s)
✔ [12186/12366] Built TNLean.MPS.Symmetry.BondProductContinuity (43s)
✔ [12187/12367] Built TNLean.PEPS.TorusConjCovarianceFamily (6.4s)
✔ [12188/12367] Built TNLean.PEPS.NormalSquareUnconditionalFundamentalTheorem (22s)
✔ [12189/12367] Built TNLean.MPS.Symmetry.BondProductHamiltonianSymmetry (44s)
✔ [12190/12367] Built TNLean.PEPS.TorusInitialStringRightPhysicalStep (32s)
✔ [12191/12367] Built TNLean.MPS.Symmetry.ExactMPSGappedPhase (46s)
✔ [12192/12367] Built TNLean.MPS.MPDO.GaugeInvariantSubspace (46s)
✔ [12193/12367] Built TNLean.MPS.Preparation.CyclicOperatorSupport (42s)
✔ [12194/12367] Built TNLean.MPS.MPDO.CPSVTopologicalPhysicalGibbs (38s)
✔ [12195/12367] Built TNLean.MPS.Preparation.WindowSeparation (45s)
✔ [12196/12368] Built QICLean.Channel.Irreducible (36s)
✔ [12197/12368] Built TNLean.PEPS.ParentHamiltonian.RegularLocalRegionIntersection (8.7s)
✔ [12198/12368] Built TNLean.PEPS.TorusWindowBondUniform (6.3s)
✔ [12199/12368] Built TNLean.PEPS.RegionBlock (6.8s)
✔ [12200/12368] Built TNLean.PEPS.ParentHamiltonian.RegularIsometricRegionProjector (12s)
✔ [12201/12368] Built TNLean.PEPS.TorusThreePlaquetteDoubleExchange (13s)
✔ [12202/12368] Built QICLean.Channel.LorentzNormalForm.QubitNormalForm (12s)
✔ [12203/12368] Built QICLean.Channel.Wigner.SpectrumPreserver (12s)
✔ [12204/12369] Built QICLean.Channel.FixedPoint (18s)
✔ [12205/12369] Built TNLean.PEPS.ParentHamiltonian.TorusSemiRegularParentGroundSpace (13s)
✔ [12206/12369] Built TNLean.PEPS.RegularTwistedStateNonzero (13s)
✔ [12207/12369] Built TNLean.MPS.Preparation.WindowClustering (56s)
✔ [12208/12369] Built TNLean.PEPS.TorusSecondStringPhysicalCrossing (48s)
✔ [12209/12369] Built TNLean.PEPS.TorusInitialStringPhysicalCrossing (48s)
✔ [12210/12369] Built TNLean.PEPS.TorusWitnessTransport (11s)
✔ [12211/12370] Built TNLean.PEPS.RegularActualTwoChordTransport (14s)
✔ [12212/12370] Built QICLean.Channel.LorentzNormalForm.Infimum (15s)
✔ [12213/12370] Built TNLean.PEPS.TorusWindowWitness (10s)
✔ [12214/12370] Built TNLean.PEPS.TorusWitnessIsoTransport (13s)
✔ [12215/12370] Built QICLean.Channel.LorentzNormalForm.InvertibleFilter (19s)
✔ [12216/12370] Built TNLean.MPS.MPDO.PhysicalSectorActiveBond (31s)
✔ [12217/12370] Built TNLean.MPS.MPDO.CommutingBondEtaBoundaryTrace (31s)
✔ [12218/12370] Built TNLean.PEPS.TorusWindowVirtualOperationFamily (16s)
✔ [12219/12370] Built TNLean.MPS.MPDO.FixedBondProductEtaTensor (33s)
✔ [12220/12372] Built TNLean.PEPS.TorusWindowPeeling.EndWindowCoupling (15s)
✔ [12221/12372] Built TNLean.MPS.RFP.BeigiSectorGraph (35s)
✔ [12222/12372] Built TNLean.PEPS.ParentHamiltonian.ThreeBlockRegularIntersection (19s)
✔ [12223/12372] Built TNLean.MPS.Symmetry.OrderedGappedInteractionPath (34s)
✔ [12224/12373] Built TNLean.MPS.Symmetry.BondProductPhysicalParentHamiltonian (35s)
✔ [12225/12373] Built TNLean.MPS.Symmetry.CanonicalInjectiveGappedPath (37s)
✔ [12226/12373] Built TNLean.PEPS.ParentHamiltonian.RegularIsometricSiteImages (15s)
✔ [12227/12373] Built TNLean.MPS.Symmetry.ScalarIdentityAmbientObstruction (31s)
✔ [12228/12373] Built TNLean.PEPS.TorusThreePlaquetteOutputMeasurement (14s)
✔ [12229/12373] Built QICLean.Channel.PSDConeAutomorphism.RankPreserver (12s)
✔ [12230/12374] Built TNLean.MPS.Symmetry.MpvRayLimit (32s)
✔ [12231/12374] Built TNLean.PEPS.TorusWitnessTranslate (9.3s)
✔ [12232/12374] Built TNLean.MPS.Symmetry.ExactMPSGroundPathComposition (32s)
✔ [12233/12374] Built TNLean.MPS.Symmetry.PhysicalCharacterGappedPath (32s)
✔ [12234/12374] Built QICLean.Channel.LorentzNormalForm.PauliBlockTruncation (12s)
✔ [12235/12374] Built TNLean.MPS.Symmetry.PositiveRayFiniteTraceData (31s)
✔ [12236/12375] Built TNLean.MPS.Symmetry.FixedBondPhysicalPathInvariance (35s)
✔ [12237/12375] Built TNLean.PEPS.TorusWindowMult (8.1s)
✔ [12238/12375] Built QICLean.Channel.LorentzNormalForm.NormalForm (11s)
✔ [12239/12375] Built TNLean.MPS.MPDO.CZXGaussInvariantSubspace (34s)
✔ [12240/12375] Built QICLean.Channel.LorentzNormalForm.SpinorAction (18s)
✔ [12241/12375] Built TNLean.PEPS.TorusActualRouteFluxMove (12s)
✔ [12242/12375] Built TNLean.MPS.Preparation.FiniteRingLiebRobinson (35s)
✔ [12243/12375] Built TNLean.PEPS.TorusTwoStepStringRouteHolonomy (15s)
✔ [12244/12376] Built TNLean.PEPS.TorusWindowPeeling.EndOperation (9.0s)
✔ [12245/12376] Built TNLean.PEPS.TorusTwoStepStringPhysicalRoute (20s)
✔ [12246/12376] Built TNLean.MPS.Preparation.BlockVariance (24s)
✔ [12247/12376] Built TNLean.MPS.MPDO.BNTPhysicalSectorGSNNCH (18s)
✔ [12248/12376] Built QICLean.Channel.MaximalWeightConvexDecomposition (13s)
✔ [12249/12376] Built TNLean.PEPS.TorusWitnessCapstone (12s)
✔ [12250/12376] Built TNLean.PEPS.ParentHamiltonian.GIsometricRegionParentHamiltonian (16s)
✔ [12251/12376] Built QICLean.Channel.NPositivitySpectralCriterion (16s)
✔ [12252/12376] Built QICLean.Channel.PSDConeAutomorphism.RankPreservation (17s)
✔ [12253/12376] Built TNLean.PEPS.TorusWindowRealizes (14s)
✔ [12254/12376] Built TNLean.PEPS.TorusWindowBondLocal (14s)
✔ [12255/12376] Built TNLean.MPS.MPDO.SelectedFixedProductSectorVisibility (29s)
✔ [12256/12376] Built TNLean.MPS.MPDO.FixedBondPositivePhysicalSectorRepresentative (29s)
✔ [12257/12379] Built QICLean.Channel.NoInformationWithoutDisturbance (18s)
✔ [12258/12380] Built TNLean.MPS.Symmetry.TwoSiteBondInteraction (31s)
✔ [12259/12380] Built TNLean.MPS.Symmetry.BondProductPhysicalSymmetry (31s)
✔ [12260/12381] Built TNLean.MPS.RFP.BeigiEventuallyConstantSectorGraph (31s)
✔ [12261/12381] Built TNLean.MPS.RFP.BeigiSectorGraphConstruction (32s)
✔ [12262/12381] Built TNLean.PEPS.TorusWindowPeeling.EndPhysicalOperation (10s)
✔ [12263/12381] Built TNLean.MPS.Symmetry.BondProductSpectralGap (33s)
✔ [12264/12382] Built TNLean.MPS.Symmetry.PolarGappedInteractionPath (32s)
✔ [12265/12382] Built TNLean.PEPS.TorusVacantPlaquettePhysicalMove (14s)
✔ [12266/12382] Built TNLean.PEPS.TorusEdgeAbsorbed (8.3s)
✔ [12267/12382] Built QICLean.Channel.LorentzNormalForm.SpinorCover (19s)
✔ [12268/12382] Built TNLean.MPS.Symmetry.CanonicalInjectiveGroundPath (34s)
✔ [12269/12384] Built QICLean.Channel.NormalForm (13s)
✔ [12270/12385] Built TNLean.MPS.Symmetry.EmbeddedInjectiveGappedPath (34s)
✔ [12271/12385] Built TNLean.MPS.Symmetry.CompactMinimalClassStability (34s)
✔ [12272/12385] Built TNLean.PEPS.ParentHamiltonian (11s)
✔ [12273/12386] Built TNLean.MPS.Symmetry.VaryingBondPhysicalCharacter (28s)
✔ [12274/12386] Built QICLean.Channel.OperatorSystem (11s)
✔ [12275/12387] Built QICLean.Channel.Determinant.PositiveExtremality (13s)
✔ [12276/12387] Built TNLean.PEPS.TorusWindowPeeling (10s)
✔ [12277/12387] Built TNLean.MPS.MPDO.CZXSecondTupleCertificate (31s)
✔ [12278/12387] Built QICLean.Channel.OrderedCP (17s)
✔ [12279/12387] Built TNLean.PEPS.TorusWindowCrossTensorEndOperation (13s)
✔ [12280/12387] Built TNLean.PEPS.TorusSweptPhysicalRouteComposition (15s)
✔ [12281/12387] Built QICLean.Channel.LorentzNormalForm.CanonicalQubitChannels (31s)
✔ [12282/12387] Built QICLean.Channel.StarSubalgebraConditionalExpectation (12s)
✔ [12283/12390] Built QICLean.Channel.POVM.RankOneNaimark (12s)
✔ [12284/12390] Built TNLean.MPS.Preparation.DepthLowerBoundCore (32s)
✔ [12285/12390] Built TNLean.MPS.Symmetry.FixedPointGappedPath (24s)
✔ [12286/12390] Built QICLean.Channel.POVM.SIC (12s)
✔ [12287/12390] Built TNLean.PEPS.TorusReferenceAbsorbedFamily (20s)
✔ [12288/12390] Built TNLean.MPS.Symmetry.TwoSiteBondContraction (26s)
✔ [12289/12391] Built QICLean.Channel.POVM.Uniqueness (10s)
✔ [12290/12392] Built TNLean.MPS.Symmetry.PreparedPolarGappedPath (23s)
✔ [12291/12392] Built QICLean.Channel.Determinant.PositiveInverse (10s)
✔ [12292/12393] Built TNLean.MPS.Symmetry.IndependentBondGap (24s)
✔ [12293/12393] Built TNLean.MPS.Symmetry.PhysicalInteractionGap (25s)
✔ [12294/12393] Built TNLean.MPS.RFP.BeigiLoopTensor (27s)
✔ [12295/12393] Built QICLean.Channel.OperatorSystemExtension (15s)
✔ [12296/12393] Built TNLean.PEPS.TorusWindowCrossTensorRealization (9.4s)
✔ [12297/12393] Built TNLean.MPS.Symmetry.PolarFrameEmbedding (22s)
✔ [12298/12393] Built QICLean.Channel.PositiveMapDetection (7.0s)
✔ [12299/12393] Built QICLean.Channel.PSDConeAutomorphism (8.0s)
✔ [12300/12395] Built TNLean.MPS.Symmetry.PhysicalSchmidtSupport (20s)
✔ [12301/12395] Built TNLean.PEPS.TorusSweptPhysicalRouteMeasurement (9.5s)
✔ [12302/12395] Built TNLean.PEPS.TorusCovariantAbsorbedFamily (7.5s)
✔ [12303/12395] Built QICLean.Channel.RadonNikodym (14s)
✔ [12304/12395] Built TNLean.MPS.MPDO.CyclicActiveAdjacentCoefficientExtraction (37s)
✔ [12305/12395] Built TNLean.MPS.MPDO.CZXCompletion (17s)
✔ [12306/12395] Built QICLean.Channel.Peripheral.AsymptoticImage (10s)
✔ [12307/12395] Built QICLean.Channel.Determinant (9.9s)
✔ [12308/12395] Built QICLean.Channel.Peripheral.Cycles (11s)
✔ [12309/12398] Built QICLean.Channel.Peripheral.DensityBlockCoordinates (13s)
✔ [12310/12398] Built TNLean.PEPS.TorusWindowCrossTensorAlgebra (13s)
✔ [12311/12398] Built QICLean.Channel.OperatorSystemExtensionDirectSum (15s)
✔ [12312/12399] Built TNLean.MPS.Symmetry.NormalizedBondLocalSymmetry (26s)
✔ [12313/12399] Built TNLean.MPS.Preparation.DepthLowerBound (27s)
✔ [12314/12401] Built QICLean.Channel.PPTIndecomposable (18s)
✔ [12315/12402] Built QICLean.Channel.OpenSystem (16s)
✔ [12316/12403] Built TNLean.MPS.Symmetry.FixedPointGappedPathWitness (28s)
✔ [12317/12405] Built TNLean.MPS.Symmetry.PolarVirtualCohomology (28s)
✔ [12318/12406] Built TNLean.MPS.Symmetry.BondProductEndpointGroundSpace (29s)
✔ [12319/12407] Built QICLean.Channel.Peripheral.PureStateFace (9.0s)
✔ [12320/12407] Built TNLean.PEPS.TorusGaugeUniqueness (22s)
✔ [12321/12408] Built TNLean.MPS.Symmetry.PhysicalSpectatorBondExtension (29s)
✔ [12322/12408] Built TNLean.PEPS.TorusWindowCrossTensorGauge (7.2s)
✔ [12323/12408] Built TNLean.MPS.Symmetry.IsometricParentInteraction (27s)
✔ [12324/12408] Built TNLean.MPS.RFP.BeigiLoopSchmidtSupport (28s)
✔ [12325/12408] Built TNLean.PEPS.TorusUnconditionalFundamentalTheorem (24s)
✔ [12326/12408] Built TNLean.MPS.Symmetry.PhysicalInteractionGroundSpace (29s)
✔ [12327/12408] Built QICLean.Channel.OperatorSystemExtensionStarSubalgebra (8.4s)
✔ [12328/12408] Built TNLean.MPS.Symmetry.PolarFixedPointEmbedding (27s)
✔ [12329/12409] Built QICLean.Channel.Schwarz.TracePreserving (7.0s)
ℹ [12330/12409] Built QICLean.Channel.LorentzNormalForm.SpinorExponential (54s)
info: QICLean/Channel/LorentzNormalForm/SpinorExponential.lean:452:47: Try this:
  [apply] ring_nf
  
  The `ring` tactic failed to close the goal. Use `ring_nf` to obtain a normal form.
    
  Note that `ring` works primarily in *commutative* rings. If you have a noncommutative ring, abelian group or module, consider using `noncomm_ring`, `abel` or `module` instead.
info: QICLean/Channel/LorentzNormalForm/SpinorExponential.lean:454:47: Try this:
  [apply] ring_nf
  
  The `ring` tactic failed to close the goal. Use `ring_nf` to obtain a normal form.
    
  Note that `ring` works primarily in *commutative* rings. If you have a noncommutative ring, abelian group or module, consider using `noncomm_ring`, `abel` or `module` instead.
info: QICLean/Channel/LorentzNormalForm/SpinorExponential.lean:484:46: Try this:
  [apply] ring_nf
  
  The `ring` tactic failed to close the goal. Use `ring_nf` to obtain a normal form.
    
  Note that `ring` works primarily in *commutative* rings. If you have a noncommutative ring, abelian group or module, consider using `noncomm_ring`, `abel` or `module` instead.
info: QICLean/Channel/LorentzNormalForm/SpinorExponential.lean:486:46: Try this:
  [apply] ring_nf
  
  The `ring` tactic failed to close the goal. Use `ring_nf` to obtain a normal form.
    
  Note that `ring` works primarily in *commutative* rings. If you have a noncommutative ring, abelian group or module, consider using `noncomm_ring`, `abel` or `module` instead.
✔ [12331/12409] Built QICLean.Channel.Peripheral.MultiCycleDecomposition (7.6s)
✔ [12332/12410] Built TNLean.MPS.MPDO.CZXUnmodifiedFusion (21s)
✔ [12333/12410] Built QICLean.Channel.Peripheral.WeightedCesaro (7.9s)
✔ [12334/12410] Built TNLean.MPS.MPDO.LemmaC5CaseI (25s)
✔ [12335/12412] Built QICLean.Channel.Peripheral.RecurrentInverse (21s)
✔ [12336/12413] Built TNLean.MPS.MPDO.CyclicActiveMarkovDecomposition (29s)
✔ [12337/12413] Built TNLean.MPS.Preparation.DepthLowerBoundNormal (15s)
✔ [12338/12414] Built TNLean.PEPS.TorusWindowGaugeUniqueness (9.3s)
✔ [12339/12414] Built TNLean.PEPS.NormalGeneralFundamentalTheorem (10s)
✔ [12340/12415] Built TNLean.PEPS.TorusWindowCrossTensorDimensions (9.2s)
✔ [12341/12415] Built QICLean.Channel.Peripheral.DirectSumFacePermutation (12s)
✔ [12342/12416] Built QICLean.Channel.SchmidtNumberFactors (12s)
✔ [12343/12416] Built TNLean.PEPS.CycleMPSOverlapCapstone (13s)
✔ [12344/12416] Built TNLean.MPS.Symmetry.CohomologousFixedPointPath (19s)
✔ [12345/12421] Built QICLean.Channel.LorentzNormalForm (11s)
✔ [12346/12421] Built QICLean.Channel.SchmidtDecomposition (17s)
✔ [12347/12423] Built QICLean.Channel.Schwarz.OperatorConvexity (12s)
✔ [12348/12427] Built QICLean.Channel.Schwarz.Douglas (13s)
✔ [12349/12428] Built TNLean.MPS.Symmetry.WeightedMatrixUnitParent (21s)
✔ [12350/12429] Built TNLean.PEPS.CycleFundamentalTheorem (9.4s)
✔ [12351/12430] Built QICLean.Channel.Peripheral.DensityBlockDynamics (12s)
✔ [12352/12430] Built QICLean.Channel.PerronFrobenius (22s)
✔ [12353/12430] Built TNLean.PEPS.TorusWindowCrossTensorTransfer (10s)
✔ [12354/12430] Built TNLean.MPS.Symmetry.FixedPointParentIdentification (23s)
✔ [12355/12430] Built QICLean.Channel.Peripheral.MatchedBlockEndomorphism (12s)
✔ [12356/12430] Built TNLean.MPS.RFP.BeigiLoopInjectivity (24s)
✔ [12357/12433] Built TNLean.MPS.Symmetry.ExactMPSPhaseGaugeInvariance (25s)
✔ [12358/12433] Built QICLean.Channel.Schwarz.UnitaryComparison (11s)
✔ [12359/12433] Built QICLean.Channel.Schwarz.PositiveOnAbelian.Characterization (18s)
✔ [12360/12433] Built TNLean.MPS.Symmetry.CommonPhysicalEndpoints (25s)
✔ [12361/12433] Built QICLean.Channel.Schwarz.SchwarzNotCP (14s)
✔ [12362/12434] Built QICLean.Channel.Schwarz.TwoVariable (13s)
✔ [12363/12434] Built QICLean.Channel.Semigroup.ReducibleQDS.FixedDensity (11s)
✔ [12364/12434] Built QICLean.Channel.Schwarz.SchurComplement (13s)
✔ [12365/12434] Built QICLean.Channel.Peripheral.DensityBlockFacePermutation (9.4s)
✔ [12366/12436] Built QICLean.Channel.Schwarz.WeylRelativeEntropyIntegral (15s)
✔ [12367/12436] Built QICLean.Channel.Semigroup.LiouvillianKernel (12s)
✔ [12368/12437] Built TNLean.PEPS.CycleMPSFundamentalTheorem (11s)
✔ [12369/12437] Built TNLean.MPS.MPDO.CyclicActiveAreaLaw (23s)
✔ [12370/12437] Built TNLean.MPS.MPDO.InverseMapLemmaC5CaseI (25s)
✔ [12371/12437] Built TNLean.PEPS.TorusWindowVerticalWitness (6.6s)
✔ [12372/12437] Built QICLean.Channel.Semigroup.PauliDissipation (12s)
✔ [12373/12437] Built TNLean.MPS.Preparation.DepthLowerBoundConstant (24s)
✔ [12374/12437] Built QICLean.Channel.Semigroup.KossakowskiForm (18s)
✔ [12375/12440] Built QICLean.Channel.Semigroup.Perturbation (10s)
✔ [12376/12441] Built TNLean.MPS.Symmetry.WeightedMatrixUnitParentPath (17s)
✔ [12377/12441] Built QICLean.Channel.Schwarz.PositiveOnAbelian.CompletePositivity (9.7s)
✔ [12378/12441] Built QICLean.Channel.Schwarz.PositiveOnAbelian (11s)
✔ [12379/12441] Built QICLean.Channel.Semigroup.WeightedLoweringContractivity (10s)
✔ [12380/12441] Built QICLean.Channel.Semigroup.ReducibleQDS.Equivalence (16s)
✔ [12381/12441] Built QICLean.Channel.Schwarz.TwoVariableUnconditional (18s)
✔ [12382/12442] Built TNLean.PEPS.TorusArcWindowGaugeExistence (14s)
✔ [12383/12444] Built TNLean.MPS.Symmetry.ExactGroundPathTransferClass (25s)
✔ [12384/12444] Built QICLean.Channel.Peripheral.DensityBlockSchwarz (19s)
✔ [12385/12444] Built QICLean.Channel.Semigroup.Primitivity.MainTheorem (25s)
✔ [12386/12444] Built TNLean.PEPS.CycleMPSTranslationInvariant (19s)
✔ [12387/12444] Built TNLean.MPS.RFP.BeigiLoopFixedPoint (27s)
✔ [12388/12444] Built QICLean.Channel.Wigner.Upstream (13s)
✔ [12389/12445] Built QICLean.Kraus.Tactic (3.8s)
✔ [12390/12446] Built QICLean.Channel.Semigroup.KossakowskiRank (17s)
✔ [12391/12446] Built TNLean.MPS.Structure.ContinuousMinimalRealization (29s)
✔ [12392/12447] Built TNLean.MPS.Symmetry.FiniteRingReconstruction (29s)
✔ [12393/12447] Built TNLean.MPS.Symmetry.CommonPhysicalEndpointOrthogonality (30s)
✔ [12394/12448] Built TNLean.MPS.Symmetry.CommonPhysicalEndpointPaths (31s)
✔ [12395/12448] Built TNLean.MPS.Symmetry.PhysicalSpectatorBondTransport (32s)
✔ [12396/12450] Built TNLean.PEPS.TorusArcWindowFundamentalTheorem (12s)
✔ [12397/12450] Built QICLean.Channel.Semigroup.ReducibleQDS (16s)
✔ [12398/12451] Built QICLean.Kraus.Wielandt.Inequality (15s)
✔ [12399/12454] Built QICLean.Channel.Schwarz.TwoVariableEquality (17s)
✔ [12400/12454] Built QICLean.Channel.Peripheral.StructureOfCycles (16s)
✔ [12401/12454] Built QICLean.Kraus.Wielandt.RankOne.BoundedWord (12s)
✔ [12402/12456] Built QICLean.Kraus.Wielandt.RankOne.Construction (12s)
✔ [12403/12457] Built QICLean.Channel.WielandtLowDim (36s)
✔ [12405/12480] Built TNLean.MPS.MPDO.OrthogonalSectorAreaLaw (35s)
✔ [12406/12480] Built QICLean.Channel.Wigner (14s)
✔ [12407/12480] Built TNLean.MPS.Preparation (34s)
✔ [12408/12480] Built QICLean.Kraus.Wielandt.RankOne.Element (11s)
✔ [12409/12480] Built QICLean.Entropy (31s)
✔ [12410/12480] Built TNLean.MPS.MPDO.NonCartesianActiveSectorCandidate (40s)
✔ [12411/12480] Built QICLean.Kraus.Wielandt.RankOne.Extraction (12s)
✔ [12412/12480] Built TNLean.MPS.Symmetry.EmbeddedFixedPointParent (30s)
✔ [12413/12480] Built QICLean.Kraus.Wielandt.RectangularSpan (11s)
✔ [12414/12480] Built QICLean.Channel.Semigroup.RelaxationConditions (18s)
✔ [12415/12480] Built QICLean.Kraus.Wielandt.SpanGrowth (11s)
✔ [12416/12480] Built QICLean.Channel.Schwarz (11s)
✔ [12417/12480] Built QICLean.QPF.Primitive (11s)
✔ [12418/12480] Built QICLean.Kraus.Wielandt.Primitivity (27s)
✔ [12419/12480] Built QICLean.Channel.Semigroup.Primitivity (28s)
✔ [12420/12480] Built TNLean.Tactic (6.4s)
✔ [12421/12480] Built TNLean.MPS.RFP.BeigiLoopBNTIdentification (28s)
✔ [12422/12480] Built TNLean.MPS.Structure.ContinuousMinimalCanonicalRealization (25s)
✔ [12423/12480] Built TNLean.PEPS (26s)
✔ [12424/12480] Built TNLean.MPS.Symmetry.CommonPhysicalPolarGroundPath (28s)
✔ [12425/12480] Built TNLean.Wielandt.RectangularSpan (16s)
✔ [12426/12480] Built QICLean.Spectral (27s)
✔ [12427/12480] Built QICLean.Channel.Peripheral (28s)
✔ [12428/12480] Built TNLean.Wielandt.SpanGrowth (16s)
✔ [12429/12480] Built QICLean.Kraus.Wielandt.RankOne.ExtractionFull (16s)
✔ [12430/12480] Built QICLean.Topology (28s)
✔ [12431/12480] Built QICLean.Channel.Semigroup.HamiltonianIndependentContractivity (16s)
✔ [12432/12480] Built QICLean.QPF (14s)
✔ [12433/12480] Built TNLean.Spectral.CrossCorrelation (29s)
✔ [12434/12480] Built TNLean.Spectral.PhysicalCorrelationBinomial (28s)
✔ [12435/12480] Built TNLean.Spectral.PhysicalCorrelationDecay (29s)
✔ [12436/12480] Built TNLean.Wielandt.Inequality.EigenvectorSpreading (29s)
✔ [12437/12480] Built TNLean.Wielandt.Primitivity.ImpliesIrreducible (29s)
✔ [12438/12480] Built QICLean.Kraus.Wielandt.RankOne (9.4s)
✔ [12439/12480] Built TNLean.Wielandt.RankOne.ExtractionFull (9.6s)
✔ [12440/12480] Built TNLean.Wielandt.Primitivity.Normal (29s)
✔ [12441/12480] Built QICLean.Channel.Semigroup.RelaxationCorollary (27s)
✔ [12442/12480] Built TNLean.MPS.Symmetry.CommonPhysicalFixedPointPath (30s)
✔ [12443/12480] Built TNLean.MPS.RFP.MainMPSConditional (19s)
✔ [12444/12480] Built TNLean.MPS.Structure (17s)
✔ [12445/12480] Built TNLean.Wielandt.RankOne (6.7s)
✔ [12446/12480] Built TNLean.MPS.MPDO.CPSVBlockingChannelCounterexample (35s)
✔ [12447/12480] Built TNLean.MPS.MPDO.NonCartesianActiveSectorRigidity (35s)
✔ [12448/12480] Built TNLean.Spectral.PhysicalCorrelationJordan (14s)
✔ [12449/12480] Built TNLean.Spectral.PhysicalCorrelationGauge (13s)
✔ [12450/12480] Built TNLean.Wielandt.Inequality (12s)
✔ [12451/12480] Built QICLean.Channel.Semigroup (11s)
✔ [12452/12480] Built QICLean.Kraus.Wielandt (12s)
✔ [12453/12480] Built TNLean.Wielandt.Primitivity (11s)
✔ [12454/12480] Built TNLean.MPS.Symmetry.CommonPhysicalFixedPointGroundPath (11s)
✔ [12455/12480] Built TNLean.MPS.Symmetry.CommonPhysicalInjectivePath (11s)
✔ [12456/12480] Built TNLean.MPS.RFP (11s)
✔ [12457/12480] Built TNLean.MPS.MPDO.RescalingStableLengthDependentRFPCanonicalForm (31s)
✔ [12458/12480] Built TNLean.MPS.MPDO.NonCartesianActiveSectorObstruction (12s)
✔ [12459/12480] Built TNLean.Spectral.PhysicalCorrelationExpansion (13s)
✔ [12460/12480] Built QICLean.Kraus (13s)
✔ [12461/12480] Built TNLean.Wielandt (13s)
✔ [12462/12480] Built QICLean.Channel (13s)
✔ [12463/12480] Built TNLean.MPS.Symmetry.CommonPhysicalCanonicalGroundPath (19s)
✔ [12464/12480] Built TNLean.MPS.MPDO.RescalingStableSimple (17s)
✔ [12465/12480] Built TNLean.MPS.MPDO.RescalingStableExplicitVerticalBNT (18s)
✔ [12466/12480] Built TNLean.Spectral (14s)
✔ [12467/12480] Built TNLean.MPS.MPDO.NonCartesianActiveSectorCounterexample (18s)
✔ [12468/12480] Built QICLean (13s)
✔ [12469/12480] Built TNLean.MPS.Symmetry.CommonPhysicalExactPhase (9.8s)
✔ [12470/12480] Built TNLean.MPS.MPDO.RescalingStableLengthDependentRFPCapstone (9.4s)
✔ [12471/12480] Built TNLean.QICLeanInterface (8.8s)
✔ [12472/12480] Built TNLean.MPS.MPDO.NeighboringTraceObstructionAmbientBlocks (11s)
✔ [12473/12480] Built TNLean.MPS.Symmetry (7.2s)
✔ [12474/12480] Built TNLean.MPS.MPDO.CPSVBlockingChannelEmbeddedCounterexample (8.5s)
✔ [12475/12480] Built TNLean.MPS.MPDO.NeighboringTraceObstructionAmbientCounterexample (9.4s)
✔ [12476/12480] Built TNLean.MPS.MPDO.CPSVBlockingChannelAmbientCounterexample (6.8s)
✔ [12477/12480] Built TNLean.MPS.MPDO (6.8s)
✔ [12478/12480] Built TNLean.MPS (8.4s)
✔ [12479/12480] Built TNLean (7.4s)
Build completed successfully (12480 jobs).
